,_id,targetId,__v,bid,campaignId,expression,expressionType,profileId,resolvedExpression,state
0,63881a7cdf3731ec1feb1f40,16868923145101,0,0.5,248349548506577,"[{'type': 'asinCategorySameAs', 'value': '673133011'}]",manual,3932195223562143,asinCategorySameAs,enabled
1,63881a7cdf3731ec1feb1f91,53524538864583,0,0.5,248349548506577,"[{'type': 'asinCategorySameAs', 'value': '15743861'}]",manual,3932195223562143,asinCategorySameAs,enabled
2,63881a7cdf3731ec1feb1fde,246604082219683,0,0.5,248349548506577,"[{'type': 'asinCategorySameAs', 'value': '23680126011'}]",manual,3932195223562143,asinCategorySameAs,enabled
3,63881a7ddf3731ec1feb2019,104046644637388,0,0.5,248349548506577,"[{'type': 'asinCategorySameAs', 'value': '23680124011'}]",manual,3932195223562143,asinCategorySameAs,enabled
4,63881a7ddf3731ec1feb204d,260433788230479,0,0.5,248349548506577,"[{'type': 'asinCategorySameAs', 'value': '7072333011'}]",manual,3932195223562143,asinCategorySameAs,enabled
5,63881a7ddf3731ec1feb2093,33582890236805,0,0.5,248349548506577,"[{'type': 'asinCategorySameAs', 'value': '2475895011'}]",manual,3932195223562143,asinCategorySameAs,enabled
6,63881a7edf3731ec1feb220f,13038217730384,0,0.55,106003846873221,[{'type': 'queryHighRelMatches'}],auto,3932195223562143,queryHighRelMatches,enabled
7,63881a7edf3731ec1feb2243,49336866869124,0,0.5,106003846873221,[{'type': 'queryBroadRelMatches'}],auto,3932195223562143,queryBroadRelMatches,enabled
8,63881a7edf3731ec1feb2288,80052102037523,0,0.5,106003846873221,[{'type': 'asinAccessoryRelated'}],auto,3932195223562143,asinAccessoryRelated,enabled
9,63881a7edf3731ec1feb22d6,111819872024491,0,0.5,106003846873221,[{'type': 'asinSubstituteRelated'}],auto,3932195223562143,asinSubstituteRelated,enabled
10,63881a7fdf3731ec1feb24d6,271596561721998,0,0.31,260980622670862,[{'type': 'queryHighRelMatches'}],auto,3932195223562143,queryHighRelMatches,enabled
11,63881a7fdf3731ec1feb2509,210396649784644,0,0.43,260980622670862,[{'type': 'queryBroadRelMatches'}],auto,3932195223562143,queryBroadRelMatches,enabled
12,63881a7fdf3731ec1feb2559,154366836578726,0,0.42,260980622670862,[{'type': 'asinAccessoryRelated'}],auto,3932195223562143,asinAccessoryRelated,enabled
13,63881a7fdf3731ec1feb258b,108507843227902,0,0.3,260980622670862,[{'type': 'asinSubstituteRelated'}],auto,3932195223562143,asinSubstituteRelated,enabled
14,63881a80df3731ec1feb271a,159830159100579,0,0.19,120097614815885,"[{'type': 'asinCategorySameAs', 'value': '8619203011'}]",manual,3932195223562143,asinCategorySameAs,enabled
15,63881a81df3731ec1feb2776,118303605604331,0,0.12,120097614815885,"[{'type': 'asinSameAs', 'value': 'B096LDW4J8'}]",manual,3932195223562143,asinSameAs,enabled
16,63881a81df3731ec1feb27aa,70756222237434,0,0.12,120097614815885,"[{'type': 'asinSameAs', 'value': 'B0969CX28R'}]",manual,3932195223562143,asinSameAs,enabled
17,63881a81df3731ec1feb27d6,200394182597566,0,0.12,120097614815885,"[{'type': 'asinSameAs', 'value': 'B085F2S611'}]",manual,3932195223562143,asinSameAs,enabled
18,63881a81df3731ec1feb2806,99026783076254,0,0.3,120097614815885,"[{'type': 'asinSameAs', 'value': 'B074ZNHJF1'}]",manual,3932195223562143,asinSameAs,enabled
19,63881a81df3731ec1feb2841,96620988429315,0,0.3,120097614815885,"[{'type': 'asinSameAs', 'value': 'B00VTR6MRI'}]",manual,3932195223562143,asinSameAs,enabled
20,63881a81df3731ec1feb288d,138522931895585,0,0.18,120097614815885,"[{'type': 'asinSameAs', 'value': 'B07LFRHN59'}]",manual,3932195223562143,asinSameAs,enabled
21,63881a82df3731ec1feb28c2,234227056263552,0,0.12,120097614815885,"[{'type': 'asinSameAs', 'value': 'B08HVC5F9T'}]",manual,3932195223562143,asinSameAs,enabled
22,63881a82df3731ec1feb28f4,61996280397296,0,0.3,120097614815885,"[{'type': 'asinSameAs', 'value': 'B06XWJ6XDQ'}]",manual,3932195223562143,asinSameAs,enabled
23,63881a82df3731ec1feb2925,14893113307635,0,0.12,120097614815885,"[{'type': 'asinSameAs', 'value': 'B07Z7C5BWH'}]",manual,3932195223562143,asinSameAs,enabled
24,63881a82df3731ec1feb2944,156179261288186,0,0.12,120097614815885,"[{'type': 'asinSameAs', 'value': 'B08HV6S5BY'}]",manual,3932195223562143,asinSameAs,enabled
25,63881a82df3731ec1feb2971,276486033794001,0,0.12,120097614815885,"[{'type': 'asinSameAs', 'value': 'B08YY2HLL6'}]",manual,3932195223562143,asinSameAs,enabled
26,63881a82df3731ec1feb2a13,42277402949421,0,0.3,120097614815885,"[{'type': 'asinSameAs', 'value': 'B06XWXQBY8'}]",manual,3932195223562143,asinSameAs,enabled
27,63881a83df3731ec1feb2a6c,104876952630784,0,0.11,120097614815885,"[{'type': 'asinSameAs', 'value': 'B07MQ9XFXT'}]",manual,3932195223562143,asinSameAs,enabled
28,63881a83df3731ec1feb2aa6,82312841812361,0,0.28,120097614815885,"[{'type': 'asinSameAs', 'value': 'B07H684W3W'}]",manual,3932195223562143,asinSameAs,enabled
29,63881a83df3731ec1feb2acf,109083246601909,0,0.3,120097614815885,"[{'type': 'asinSameAs', 'value': 'B01LR4VNYO'}]",manual,3932195223562143,asinSameAs,enabled
30,63881a83df3731ec1feb2afc,175106914204395,0,0.3,120097614815885,"[{'type': 'asinSameAs', 'value': 'B016N4BL72'}]",manual,3932195223562143,asinSameAs,enabled
31,63881a83df3731ec1feb2b23,254783450564886,0,0.3,120097614815885,"[{'type': 'asinSameAs', 'value': 'B015QNN0UW'}]",manual,3932195223562143,asinSameAs,enabled
32,63881a83df3731ec1feb2bbc,137143669910221,0,0.28,120097614815885,"[{'type': 'asinSameAs', 'value': 'B07CTNQR5Z'}]",manual,3932195223562143,asinSameAs,enabled
33,63881a83df3731ec1feb2be6,4136652777802,0,0.12,120097614815885,"[{'type': 'asinSameAs', 'value': 'B07P8MC66C'}]",manual,3932195223562143,asinSameAs,enabled
34,63881a84df3731ec1feb2c20,190372952574706,0,0.3,120097614815885,"[{'type': 'asinSameAs', 'value': 'B00VTR6MDM'}]",manual,3932195223562143,asinSameAs,enabled
35,63881a84df3731ec1feb2c40,68842267809302,0,0.3,120097614815885,"[{'type': 'asinSameAs', 'value': 'B015QNN0MU'}]",manual,3932195223562143,asinSameAs,enabled
36,63881a84df3731ec1feb2c6e,70306722484091,0,0.28,120097614815885,"[{'type': 'asinSameAs', 'value': 'B07G443PC5'}]",manual,3932195223562143,asinSameAs,enabled
37,63881a84df3731ec1feb2c90,157512002960970,0,0.12,120097614815885,"[{'type': 'asinSameAs', 'value': 'B08FDJQF7M'}]",manual,3932195223562143,asinSameAs,enabled
38,63881a84df3731ec1feb2ccb,195167200526025,0,0.12,120097614815885,"[{'type': 'asinSameAs', 'value': 'B08HV6ZB16'}]",manual,3932195223562143,asinSameAs,enabled
39,63881a84df3731ec1feb2cf2,154316768486825,0,0.28,120097614815885,"[{'type': 'asinSameAs', 'value': 'B07H51WG47'}]",manual,3932195223562143,asinSameAs,enabled
40,63881a85df3731ec1feb2d2b,123847647369376,0,0.12,120097614815885,"[{'type': 'asinSameAs', 'value': 'B087BGBJT4'}]",manual,3932195223562143,asinSameAs,enabled
41,63881a85df3731ec1feb2d58,44232184312274,0,0.3,120097614815885,"[{'type': 'asinSameAs', 'value': 'B001GAOHSY'}]",manual,3932195223562143,asinSameAs,enabled
42,63881a85df3731ec1feb2d7f,42331672007078,0,0.3,120097614815885,"[{'type': 'asinSameAs', 'value': 'B015QNN0T8'}]",manual,3932195223562143,asinSameAs,enabled
43,63881a85df3731ec1feb2dab,183151006064265,0,0.3,120097614815885,"[{'type': 'asinSameAs', 'value': 'B000N4G8IQ'}]",manual,3932195223562143,asinSameAs,enabled
44,63881a85df3731ec1feb2df7,222503902002275,0,0.28,120097614815885,"[{'type': 'asinSameAs', 'value': 'B07H697XHK'}]",manual,3932195223562143,asinSameAs,enabled
45,63881a85df3731ec1feb2e2c,117744259601747,0,0.12,120097614815885,"[{'type': 'asinSameAs', 'value': 'B087B717F4'}]",manual,3932195223562143,asinSameAs,enabled
46,63881a85df3731ec1feb2eb9,125366792675604,0,0.12,120097614815885,"[{'type': 'asinSameAs', 'value': 'B08FDK7Q25'}]",manual,3932195223562143,asinSameAs,enabled
47,63881a86df3731ec1feb2f01,255205928207753,0,0.3,120097614815885,"[{'type': 'asinSameAs', 'value': 'B06XWWN4D3'}]",manual,3932195223562143,asinSameAs,enabled
48,63881a86df3731ec1feb2f3a,152317634232466,0,0.3,120097614815885,"[{'type': 'asinSameAs', 'value': 'B01LR4VO16'}]",manual,3932195223562143,asinSameAs,enabled
49,63881a86df3731ec1feb2f70,147496814318390,0,0.12,120097614815885,"[{'type': 'asinSameAs', 'value': 'B08HV8PVTP'}]",manual,3932195223562143,asinSameAs,enabled
50,63881a86df3731ec1feb2f9d,245040230745085,0,0.3,120097614815885,"[{'type': 'asinSameAs', 'value': 'B015WWBFJU'}]",manual,3932195223562143,asinSameAs,enabled
51,63881a86df3731ec1feb2fd6,154201573288688,0,0.3,120097614815885,"[{'type': 'asinSameAs', 'value': 'B013L5MCQK'}]",manual,3932195223562143,asinSameAs,enabled
52,63881a86df3731ec1feb301a,211323860863983,0,0.3,120097614815885,"[{'type': 'asinSameAs', 'value': 'B00ZO4WWBM'}]",manual,3932195223562143,asinSameAs,enabled
53,63881a87df3731ec1feb3059,49648888158900,0,0.3,120097614815885,"[{'type': 'asinSameAs', 'value': 'B00ZO4WW7Q'}]",manual,3932195223562143,asinSameAs,enabled
54,63881a87df3731ec1feb309a,65107371657893,0,0.3,120097614815885,"[{'type': 'asinSameAs', 'value': 'B01NCKUPRY'}]",manual,3932195223562143,asinSameAs,enabled
55,63881a87df3731ec1feb30ce,151116341364615,0,0.12,120097614815885,"[{'type': 'asinSameAs', 'value': 'B081K815VM'}]",manual,3932195223562143,asinSameAs,enabled
56,63881a87df3731ec1feb311d,127504336800332,0,0.12,120097614815885,"[{'type': 'asinSameAs', 'value': 'B08NVCMYHT'}]",manual,3932195223562143,asinSameAs,enabled
57,63881a87df3731ec1feb3228,188262922414456,0,0.12,120097614815885,"[{'type': 'asinSameAs', 'value': 'B0972YT693'}]",manual,3932195223562143,asinSameAs,enabled
58,63881a87df3731ec1feb3255,195401328087224,0,0.12,120097614815885,"[{'type': 'asinSameAs', 'value': 'B08YJZ1NMS'}]",manual,3932195223562143,asinSameAs,enabled
59,63881a88df3731ec1feb32a6,218453400156503,0,0.12,120097614815885,"[{'type': 'asinSameAs', 'value': 'B08JZ889FT'}]",manual,3932195223562143,asinSameAs,enabled
60,63881a88df3731ec1feb32ea,6325790563962,0,0.12,120097614815885,"[{'type': 'asinSameAs', 'value': 'B097BM63DR'}]",manual,3932195223562143,asinSameAs,enabled
61,63881a88df3731ec1feb331f,5061252355391,0,0.12,120097614815885,"[{'type': 'asinSameAs', 'value': 'B08VNB3YGD'}]",manual,3932195223562143,asinSameAs,enabled
62,63881a88df3731ec1feb3348,66419009878865,0,0.12,120097614815885,"[{'type': 'asinSameAs', 'value': 'B095PP1Q26'}]",manual,3932195223562143,asinSameAs,enabled
63,63881a88df3731ec1feb33a1,160122374322403,0,0.12,120097614815885,"[{'type': 'asinSameAs', 'value': 'B095PQ24PS'}]",manual,3932195223562143,asinSameAs,enabled
64,63881a88df3731ec1feb33e0,119459136406860,0,0.12,120097614815885,"[{'type': 'asinSameAs', 'value': 'B08N48JB2L'}]",manual,3932195223562143,asinSameAs,enabled
65,63881a89df3731ec1feb3442,13194405919838,0,0.12,120097614815885,"[{'type': 'asinSameAs', 'value': 'B08ZN9S719'}]",manual,3932195223562143,asinSameAs,enabled
66,63881a89df3731ec1feb3492,227439110951255,0,0.12,120097614815885,"[{'type': 'asinSameAs', 'value': 'B09BYWKYSD'}]",manual,3932195223562143,asinSameAs,enabled
67,63881a89df3731ec1feb353b,13109435045071,0,0.12,120097614815885,"[{'type': 'asinSameAs', 'value': 'B08NP974RH'}]",manual,3932195223562143,asinSameAs,enabled
68,63881a89df3731ec1feb3576,275447561982121,0,0.12,120097614815885,"[{'type': 'asinSameAs', 'value': 'B07VDN3D1W'}]",manual,3932195223562143,asinSameAs,enabled
69,63881a89df3731ec1feb35a6,100226689394089,0,0.12,120097614815885,"[{'type': 'asinSameAs', 'value': 'B07T4XS825'}]",manual,3932195223562143,asinSameAs,enabled
70,63881a89df3731ec1feb35e6,251945100962887,0,0.28,120097614815885,"[{'type': 'asinSameAs', 'value': 'B07D7TJ7ZM'}]",manual,3932195223562143,asinSameAs,enabled
71,63881a89df3731ec1feb3636,36478850481400,0,0.28,120097614815885,"[{'type': 'asinSameAs', 'value': 'B07DHNVC5F'}]",manual,3932195223562143,asinSameAs,enabled
72,63881a8adf3731ec1feb3678,27306829086090,0,0.28,120097614815885,"[{'type': 'asinSameAs', 'value': 'B07CTPZX8T'}]",manual,3932195223562143,asinSameAs,enabled
73,63881a8adf3731ec1feb36c9,235386108434347,0,0.12,120097614815885,"[{'type': 'asinSameAs', 'value': 'B07V5K72KL'}]",manual,3932195223562143,asinSameAs,enabled
74,63881a8adf3731ec1feb3715,252438747900966,0,0.12,120097614815885,"[{'type': 'asinSameAs', 'value': 'B08ZNCLZ9K'}]",manual,3932195223562143,asinSameAs,enabled
75,63881a8adf3731ec1feb376a,246266479908563,0,0.28,120097614815885,"[{'type': 'asinSameAs', 'value': 'B07CG3MSTK'}]",manual,3932195223562143,asinSameAs,enabled
76,63881a8adf3731ec1feb37b6,134187555854554,0,0.3,120097614815885,"[{'type': 'asinSameAs', 'value': 'B00BWOF3SC'}]",manual,3932195223562143,asinSameAs,enabled
77,63881a8adf3731ec1feb37f1,110353077079265,0,0.3,120097614815885,"[{'type': 'asinSameAs', 'value': 'B001K644QY'}]",manual,3932195223562143,asinSameAs,enabled
78,63881a8bdf3731ec1feb3834,188451693018526,0,0.12,120097614815885,"[{'type': 'asinSameAs', 'value': 'B08FCD72D9'}]",manual,3932195223562143,asinSameAs,enabled
79,63881a8bdf3731ec1feb388a,163410971873729,0,0.12,120097614815885,"[{'type': 'asinSameAs', 'value': 'B096LG5WYY'}]",manual,3932195223562143,asinSameAs,enabled
80,63881a8bdf3731ec1feb38ca,23112494604262,0,0.28,120097614815885,"[{'type': 'asinSameAs', 'value': 'B07FFC361V'}]",manual,3932195223562143,asinSameAs,enabled
81,63881a8bdf3731ec1feb38f9,127660458363611,0,0.3,120097614815885,"[{'type': 'asinSameAs', 'value': 'B01NARFY39'}]",manual,3932195223562143,asinSameAs,enabled
82,63881a8bdf3731ec1feb3946,63041124888941,0,0.3,120097614815885,"[{'type': 'asinSameAs', 'value': 'B0725VW5DT'}]",manual,3932195223562143,asinSameAs,enabled
83,63881a8bdf3731ec1feb3979,197020546215109,0,0.3,120097614815885,"[{'type': 'asinSameAs', 'value': 'B077BQQ2MY'}]",manual,3932195223562143,asinSameAs,enabled
84,63881a8cdf3731ec1feb39b7,212445344458494,0,0.3,120097614815885,"[{'type': 'asinSameAs', 'value': 'B077BSDWJZ'}]",manual,3932195223562143,asinSameAs,enabled
85,63881a8cdf3731ec1feb39f4,88297267570840,0,0.12,120097614815885,"[{'type': 'asinSameAs', 'value': 'B08RJKMF9D'}]",manual,3932195223562143,asinSameAs,enabled
86,63881a8cdf3731ec1feb3a3a,108221858050205,0,0.28,120097614815885,"[{'type': 'asinSameAs', 'value': 'B07FDLVHQM'}]",manual,3932195223562143,asinSameAs,enabled
87,63881a8cdf3731ec1feb3a6c,171176452305341,0,0.33,120097614815885,"[{'type': 'asinCategorySameAs', 'value': '3763611'}]",manual,3932195223562143,asinCategorySameAs,paused
88,63881a8cdf3731ec1feb3a9f,97143080428757,0,0.14,120097614815885,"[{'type': 'asinSameAs', 'value': 'B08MW2DLBV'}]",manual,3932195223562143,asinSameAs,enabled
89,63881a8cdf3731ec1feb3b2d,219852939195723,0,0.12,120097614815885,"[{'type': 'asinSameAs', 'value': 'B08YY5SXNF'}]",manual,3932195223562143,asinSameAs,enabled
90,63881a8cdf3731ec1feb3b65,50708935391398,0,0.12,120097614815885,"[{'type': 'asinSameAs', 'value': 'B07T3T547G'}]",manual,3932195223562143,asinSameAs,enabled
91,63881a8ddf3731ec1feb3b99,56389154052468,0,0.12,120097614815885,"[{'type': 'asinSameAs', 'value': 'B07NQQXRR7'}]",manual,3932195223562143,asinSameAs,enabled
92,63881a8ddf3731ec1feb3bc0,256132542719960,0,0.12,120097614815885,"[{'type': 'asinSameAs', 'value': 'B0919SKLRN'}]",manual,3932195223562143,asinSameAs,enabled
93,63881a8ddf3731ec1feb3be2,197289235535515,0,0.12,120097614815885,"[{'type': 'asinSameAs', 'value': 'B07YZ8GJ41'}]",manual,3932195223562143,asinSameAs,enabled
94,63881a8ddf3731ec1feb3c61,16186550520286,0,0.12,120097614815885,"[{'type': 'asinSameAs', 'value': 'B093HCW1HD'}]",manual,3932195223562143,asinSameAs,enabled
95,63881a8ddf3731ec1feb3ce3,75026786878236,0,0.12,120097614815885,"[{'type': 'asinSameAs', 'value': 'B08M83HF18'}]",manual,3932195223562143,asinSameAs,enabled
96,63881a8ddf3731ec1feb3d25,21141703824727,0,0.12,120097614815885,"[{'type': 'asinSameAs', 'value': 'B08PV97Y46'}]",manual,3932195223562143,asinSameAs,enabled
97,63881a8edf3731ec1feb3db2,53948612091108,0,0.12,120097614815885,"[{'type': 'asinSameAs', 'value': 'B0969CCK43'}]",manual,3932195223562143,asinSameAs,enabled
98,63881a8edf3731ec1feb3dfd,19747863825446,0,0.11,120097614815885,"[{'type': 'asinSameAs', 'value': 'B07ML958FB'}]",manual,3932195223562143,asinSameAs,enabled
99,63881a8edf3731ec1feb3e27,37829918607609,0,0.3,120097614815885,"[{'type': 'asinSameAs', 'value': 'B01LR4VNZI'}]",manual,3932195223562143,asinSameAs,enabled
100,63881a8edf3731ec1feb3e50,228517652814871,0,0.12,120097614815885,"[{'type': 'asinSameAs', 'value': 'B07NQQ6T4R'}]",manual,3932195223562143,asinSameAs,enabled
101,63881a8edf3731ec1feb3e77,22650908598628,0,0.12,120097614815885,"[{'type': 'asinSameAs', 'value': 'B07NQRNJN3'}]",manual,3932195223562143,asinSameAs,enabled
102,63881a8edf3731ec1feb3edb,280822966267480,0,0.12,120097614815885,"[{'type': 'asinSameAs', 'value': 'B07Z796HZS'}]",manual,3932195223562143,asinSameAs,enabled
103,63881a8edf3731ec1feb3efb,119245631191994,0,0.3,120097614815885,"[{'type': 'asinSameAs', 'value': 'B01D111IBO'}]",manual,3932195223562143,asinSameAs,enabled
104,63881a8fdf3731ec1feb3f3b,183433521404998,0,0.12,120097614815885,"[{'type': 'asinSameAs', 'value': 'B08FCDJRF3'}]",manual,3932195223562143,asinSameAs,enabled
105,63881a8fdf3731ec1feb3f5f,151564096624815,0,0.12,120097614815885,"[{'type': 'asinSameAs', 'value': 'B07YZ7F94T'}]",manual,3932195223562143,asinSameAs,enabled
106,63881a8fdf3731ec1feb3f98,9111904456894,0,0.3,120097614815885,"[{'type': 'asinSameAs', 'value': 'B0786YCMDT'}]",manual,3932195223562143,asinSameAs,enabled
107,63881a8fdf3731ec1feb3fc4,229220033881110,0,0.12,120097614815885,"[{'type': 'asinSameAs', 'value': 'B08D3585V5'}]",manual,3932195223562143,asinSameAs,enabled
108,63881a8fdf3731ec1feb4038,160301582281455,0,0.12,120097614815885,"[{'type': 'asinSameAs', 'value': 'B07NQPCD1K'}]",manual,3932195223562143,asinSameAs,enabled
109,63881a8fdf3731ec1feb40a2,228954089918507,0,0.3,120097614815885,"[{'type': 'asinSameAs', 'value': 'B076CG3C8Q'}]",manual,3932195223562143,asinSameAs,enabled
110,63881a90df3731ec1feb411b,167440761494560,0,0.3,120097614815885,"[{'type': 'asinSameAs', 'value': 'B01JUJ3NBE'}]",manual,3932195223562143,asinSameAs,enabled
111,63881a90df3731ec1feb4192,73411094566505,0,0.3,120097614815885,"[{'type': 'asinSameAs', 'value': 'B078VRQCK2'}]",manual,3932195223562143,asinSameAs,enabled
112,63881a90df3731ec1feb41d0,15958861319916,0,0.26,120097614815885,"[{'type': 'asinCategorySameAs', 'value': '13106341'}]",manual,3932195223562143,asinCategorySameAs,paused
113,63881a90df3731ec1feb4213,73782502692482,0,0.26,120097614815885,"[{'type': 'asinCategorySameAs', 'value': '8619203011'}, {'type': 'asinBrandSameAs', 'value': '15055808011'}, {'type': 'asinPriceGreaterThan', 'value': '20'}]",manual,3932195223562143,asinCategorySameAs,enabled
114,63881a90df3731ec1feb4259,252326211648315,0,0.26,120097614815885,"[{'type': 'asinCategorySameAs', 'value': '8619203011'}, {'type': 'asinBrandSameAs', 'value': '12020554011'}, {'type': 'asinPriceGreaterThan', 'value': '20'}]",manual,3932195223562143,asinCategorySameAs,enabled
115,63881a90df3731ec1feb42da,204720057702383,0,0.26,120097614815885,"[{'type': 'asinCategorySameAs', 'value': '8619203011'}, {'type': 'asinBrandSameAs', 'value': '19887901011'}, {'type': 'asinPriceGreaterThan', 'value': '20'}]",manual,3932195223562143,asinCategorySameAs,enabled
116,63881a91df3731ec1feb440e,44165061032191,0,0.3,120097614815885,"[{'type': 'asinSameAs', 'value': 'B01MT7B9PE'}]",manual,3932195223562143,asinSameAs,enabled
117,63881a91df3731ec1feb445d,2396467278156,0,0.26,120097614815885,"[{'type': 'asinCategorySameAs', 'value': '8619203011'}, {'type': 'asinBrandSameAs', 'value': '20745811011'}]",manual,3932195223562143,asinCategorySameAs,enabled
118,63881a91df3731ec1feb44a0,244056968714407,0,0.22,120097614815885,"[{'type': 'asinCategorySameAs', 'value': '8619203011'}, {'type': 'asinPriceGreaterThan', 'value': '20'}]",manual,3932195223562143,asinCategorySameAs,enabled
119,63881a91df3731ec1feb44f5,142276370448472,0,0.28,120097614815885,"[{'type': 'asinSameAs', 'value': 'B07CSH8Y5D'}]",manual,3932195223562143,asinSameAs,enabled
120,63881a91df3731ec1feb452d,222206214655651,0,0.28,120097614815885,"[{'type': 'asinSameAs', 'value': 'B07DHNWCP1'}]",manual,3932195223562143,asinSameAs,enabled
121,63881a91df3731ec1feb4667,177619639555635,0,0.12,120097614815885,"[{'type': 'asinSameAs', 'value': 'B093JZ72B2'}]",manual,3932195223562143,asinSameAs,enabled
122,63881a92df3731ec1feb46b8,53926286751793,0,0.12,120097614815885,"[{'type': 'asinSameAs', 'value': 'B08832BJ44'}]",manual,3932195223562143,asinSameAs,enabled
123,63881a92df3731ec1feb470c,61172369770425,0,0.12,120097614815885,"[{'type': 'asinSameAs', 'value': 'B07VBH1FQS'}]",manual,3932195223562143,asinSameAs,enabled
124,63881a92df3731ec1feb4756,231077540764186,0,0.12,120097614815885,"[{'type': 'asinSameAs', 'value': 'B091KNLWW4'}]",manual,3932195223562143,asinSameAs,enabled
125,63881a92df3731ec1feb4790,192694320691408,0,0.3,120097614815885,"[{'type': 'asinSameAs', 'value': 'B01D111IB4'}]",manual,3932195223562143,asinSameAs,enabled
126,63881a92df3731ec1feb47e3,63604352905648,0,0.12,120097614815885,"[{'type': 'asinSameAs', 'value': 'B0882Q5NBY'}]",manual,3932195223562143,asinSameAs,enabled
127,63881a92df3731ec1feb4855,93050231048803,0,0.3,120097614815885,"[{'type': 'asinSameAs', 'value': 'B072J8W8L9'}]",manual,3932195223562143,asinSameAs,enabled
128,63881a92df3731ec1feb48ad,76003024008463,0,0.11,120097614815885,"[{'type': 'asinSameAs', 'value': 'B07N7LKLGZ'}]",manual,3932195223562143,asinSameAs,enabled
129,63881a93df3731ec1feb491d,165134410570134,0,0.12,120097614815885,"[{'type': 'asinSameAs', 'value': 'B08D39N59H'}]",manual,3932195223562143,asinSameAs,enabled
130,63881a93df3731ec1feb49bf,272302850857397,0,0.38,120097614815885,"[{'type': 'asinSameAs', 'value': 'B07K1KN6ZT'}]",manual,3932195223562143,asinSameAs,enabled
131,63881a93df3731ec1feb4a3b,207053083083246,0,0.3,120097614815885,"[{'type': 'asinSameAs', 'value': 'B07C7131WY'}]",manual,3932195223562143,asinSameAs,enabled
132,63881a93df3731ec1feb4a7f,202942888280601,0,0.12,120097614815885,"[{'type': 'asinSameAs', 'value': 'B09L3V53L4'}]",manual,3932195223562143,asinSameAs,enabled
133,63881a93df3731ec1feb4ad3,63052232246173,0,0.12,120097614815885,"[{'type': 'asinSameAs', 'value': 'B08157DQGS'}]",manual,3932195223562143,asinSameAs,enabled
134,63881a93df3731ec1feb4b36,234332874337679,0,0.12,120097614815885,"[{'type': 'asinSameAs', 'value': 'B0919RZ9K5'}]",manual,3932195223562143,asinSameAs,enabled
135,63881a94df3731ec1feb4b82,40524439859002,0,0.12,120097614815885,"[{'type': 'asinSameAs', 'value': 'B0925VGYRY'}]",manual,3932195223562143,asinSameAs,enabled
136,63881a94df3731ec1feb4bd5,170438315760156,0,0.12,120097614815885,"[{'type': 'asinSameAs', 'value': 'B089KKRZDT'}]",manual,3932195223562143,asinSameAs,enabled
137,63881a94df3731ec1feb4c35,275981264943048,0,0.12,120097614815885,"[{'type': 'asinSameAs', 'value': 'B084TY9BWF'}]",manual,3932195223562143,asinSameAs,enabled
138,63881a94df3731ec1feb4c87,259890159672950,0,0.12,120097614815885,"[{'type': 'asinSameAs', 'value': 'B08K3TPBXF'}]",manual,3932195223562143,asinSameAs,enabled
139,63881a94df3731ec1feb4cea,197237192255923,0,0.28,120097614815885,"[{'type': 'asinSameAs', 'value': 'B07K1KJ5LF'}]",manual,3932195223562143,asinSameAs,enabled
140,63881a94df3731ec1feb4d51,114296373250946,0,0.12,120097614815885,"[{'type': 'asinSameAs', 'value': 'B08BFBTCPL'}]",manual,3932195223562143,asinSameAs,enabled
141,63881a94df3731ec1feb4da9,272992949404981,0,0.12,120097614815885,"[{'type': 'asinSameAs', 'value': 'B089VQVMQ6'}]",manual,3932195223562143,asinSameAs,enabled
142,63881a95df3731ec1feb4de9,108197091842347,0,0.3,120097614815885,"[{'type': 'asinSameAs', 'value': 'B01D111I8W'}]",manual,3932195223562143,asinSameAs,enabled
143,63881a95df3731ec1feb4e5a,131158295155489,0,0.12,120097614815885,"[{'type': 'asinSameAs', 'value': 'B09D31LBSD'}]",manual,3932195223562143,asinSameAs,enabled
144,63881a95df3731ec1feb4e98,224178341084485,0,0.3,120097614815885,"[{'type': 'asinSameAs', 'value': 'B00KVTSLX8'}]",manual,3932195223562143,asinSameAs,enabled
145,63881a95df3731ec1feb4ef7,175120242860485,0,0.12,120097614815885,"[{'type': 'asinSameAs', 'value': 'B085Y36GB5'}]",manual,3932195223562143,asinSameAs,enabled
146,63881a95df3731ec1feb4f24,126621059934383,0,0.12,120097614815885,"[{'type': 'asinSameAs', 'value': 'B098XFRB5C'}]",manual,3932195223562143,asinSameAs,enabled
147,63881a95df3731ec1feb4f61,39176445110688,0,0.12,120097614815885,"[{'type': 'asinSameAs', 'value': 'B098XHMK7H'}]",manual,3932195223562143,asinSameAs,enabled
148,63881a96df3731ec1feb4f99,231497729100508,0,0.12,120097614815885,"[{'type': 'asinSameAs', 'value': 'B08PV8PZ1Z'}]",manual,3932195223562143,asinSameAs,enabled
149,63881a96df3731ec1feb4fd9,132661458737493,0,0.12,120097614815885,"[{'type': 'asinSameAs', 'value': 'B093LG88TS'}]",manual,3932195223562143,asinSameAs,enabled
150,63881a96df3731ec1feb5012,153845068072126,0,0.12,120097614815885,"[{'type': 'asinSameAs', 'value': 'B07SQ9QDQD'}]",manual,3932195223562143,asinSameAs,enabled
151,63881a96df3731ec1feb5050,60427552026651,0,0.3,120097614815885,"[{'type': 'asinSameAs', 'value': 'B077BW7LBZ'}]",manual,3932195223562143,asinSameAs,enabled
152,63881a96df3731ec1feb507f,156714702919061,0,0.12,120097614815885,"[{'type': 'asinSameAs', 'value': 'B099TT3VYS'}]",manual,3932195223562143,asinSameAs,enabled
153,63881a96df3731ec1feb512d,129558360787074,0,0.78,120097614815885,"[{'type': 'asinExpandedFrom', 'value': 'B092QRD1KK'}]",manual,3932195223562143,asinExpandedFrom,archived
154,63881a96df3731ec1feb5159,233396562246079,0,0.12,120097614815885,"[{'type': 'asinSameAs', 'value': 'B092QRD1KK'}]",manual,3932195223562143,asinSameAs,enabled
155,63881a97df3731ec1feb51ac,51544281595613,0,0.12,120097614815885,"[{'type': 'asinSameAs', 'value': 'B084ZN7TVV'}]",manual,3932195223562143,asinSameAs,enabled
156,63881a97df3731ec1feb52f9,138616619700093,0,0.46,75077510614013,[{'type': 'queryHighRelMatches'}],auto,3932195223562143,queryHighRelMatches,enabled
157,63881a97df3731ec1feb534c,39614282955552,0,0.46,75077510614013,[{'type': 'queryBroadRelMatches'}],auto,3932195223562143,queryBroadRelMatches,paused
158,63881a98df3731ec1feb538e,191471954370998,0,0.46,75077510614013,[{'type': 'asinAccessoryRelated'}],auto,3932195223562143,asinAccessoryRelated,enabled
159,63881a98df3731ec1feb53c8,272364142571367,0,0.45,75077510614013,[{'type': 'asinSubstituteRelated'}],auto,3932195223562143,asinSubstituteRelated,enabled
160,63881a99df3731ec1feb551a,119663918124089,0,0.7,200685622549692,"[{'type': 'asinCategorySameAs', 'value': '13106341'}]",manual,3932195223562143,asinCategorySameAs,paused
161,63881a99df3731ec1feb5553,55360300815664,0,0.5,200685622549692,"[{'type': 'asinSameAs', 'value': 'B07NTVDNCV'}]",manual,3932195223562143,asinSameAs,archived
162,63881a99df3731ec1feb5576,134932343644267,0,0.5,200685622549692,"[{'type': 'asinSameAs', 'value': 'B00N3IVEHE'}]",manual,3932195223562143,asinSameAs,archived
163,63881a99df3731ec1feb55bf,4914442362740,0,0.5,200685622549692,"[{'type': 'asinSameAs', 'value': 'B091V8CSSJ'}]",manual,3932195223562143,asinSameAs,archived
164,63881a99df3731ec1feb5633,59198796492827,0,0.5,200685622549692,"[{'type': 'asinSameAs', 'value': 'B08X46GF49'}]",manual,3932195223562143,asinSameAs,archived
165,63881a9adf3731ec1feb568f,28002749953921,0,0.5,200685622549692,"[{'type': 'asinSameAs', 'value': 'B08Y961SWT'}]",manual,3932195223562143,asinSameAs,archived
166,63881a9adf3731ec1feb56ba,106425333094487,0,0.5,200685622549692,"[{'type': 'asinSameAs', 'value': 'B08L9C339S'}]",manual,3932195223562143,asinSameAs,archived
167,63881a9adf3731ec1feb56f8,17140986024274,0,0.5,200685622549692,"[{'type': 'asinSameAs', 'value': 'B0972FDNZ5'}]",manual,3932195223562143,asinSameAs,archived
168,63881a9adf3731ec1feb573b,43184814960820,0,0.5,200685622549692,"[{'type': 'asinSameAs', 'value': 'B08KSRX6HS'}]",manual,3932195223562143,asinSameAs,archived
169,63881a9adf3731ec1feb576e,205674175290013,0,0.5,200685622549692,"[{'type': 'asinSameAs', 'value': 'B07K331CYF'}]",manual,3932195223562143,asinSameAs,archived
170,63881a9adf3731ec1feb57a2,118169363730085,0,0.5,200685622549692,"[{'type': 'asinSameAs', 'value': 'B08H8RXX77'}]",manual,3932195223562143,asinSameAs,archived
171,63881a9adf3731ec1feb5804,240961239814207,0,0.5,200685622549692,"[{'type': 'asinSameAs', 'value': 'B08ZNV6T8Z'}]",manual,3932195223562143,asinSameAs,archived
172,63881a9bdf3731ec1feb5841,9515087592862,0,0.5,200685622549692,"[{'type': 'asinSameAs', 'value': 'B08NVV8M8L'}]",manual,3932195223562143,asinSameAs,archived
173,63881a9bdf3731ec1feb5892,98863693683255,0,0.5,200685622549692,"[{'type': 'asinSameAs', 'value': 'B07Y8MX71N'}]",manual,3932195223562143,asinSameAs,archived
174,63881a9bdf3731ec1feb58ca,273544022384806,0,0.5,200685622549692,"[{'type': 'asinSameAs', 'value': 'B092ZJ9QZ5'}]",manual,3932195223562143,asinSameAs,archived
175,63881a9bdf3731ec1feb5906,171020011327181,0,0.5,200685622549692,"[{'type': 'asinSameAs', 'value': 'B095J9BKF5'}]",manual,3932195223562143,asinSameAs,archived
176,63881a9bdf3731ec1feb5a16,28099805586149,0,0.5,200685622549692,"[{'type': 'asinSameAs', 'value': 'B094JTG88J'}]",manual,3932195223562143,asinSameAs,archived
177,63881a9cdf3731ec1feb5a42,59010945470153,0,0.5,200685622549692,"[{'type': 'asinSameAs', 'value': 'B08DD2KFGL'}]",manual,3932195223562143,asinSameAs,archived
178,63881a9cdf3731ec1feb5a81,165608860764728,0,0.5,200685622549692,"[{'type': 'asinSameAs', 'value': 'B093GNMKXS'}]",manual,3932195223562143,asinSameAs,archived
179,63881a9cdf3731ec1feb5aca,78226189333753,0,0.5,200685622549692,"[{'type': 'asinSameAs', 'value': 'B08DLNNX11'}]",manual,3932195223562143,asinSameAs,archived
180,63881a9cdf3731ec1feb5b14,277492971134074,0,0.5,200685622549692,"[{'type': 'asinSameAs', 'value': 'B06XKBN8FM'}]",manual,3932195223562143,asinSameAs,archived
181,63881a9cdf3731ec1feb5b6d,193833513161163,0,0.5,200685622549692,"[{'type': 'asinSameAs', 'value': 'B07G4JMCMY'}]",manual,3932195223562143,asinSameAs,archived
182,63881a9cdf3731ec1feb5bd1,53080434344475,0,0.5,200685622549692,"[{'type': 'asinSameAs', 'value': 'B074SKK1G5'}]",manual,3932195223562143,asinSameAs,archived
183,63881a9cdf3731ec1feb5c00,80694584842077,0,0.5,200685622549692,"[{'type': 'asinSameAs', 'value': 'B08S336QR7'}]",manual,3932195223562143,asinSameAs,archived
184,63881a9ddf3731ec1feb5c6d,81822405560098,0,0.5,200685622549692,"[{'type': 'asinSameAs', 'value': 'B00VXEF5DO'}]",manual,3932195223562143,asinSameAs,archived
185,63881a9ddf3731ec1feb5cbd,90377230968650,0,0.5,200685622549692,"[{'type': 'asinSameAs', 'value': 'B07D97S39L'}]",manual,3932195223562143,asinSameAs,archived
186,63881a9ddf3731ec1feb5d56,100456740125527,0,0.5,200685622549692,"[{'type': 'asinSameAs', 'value': 'B07GSJHQBZ'}]",manual,3932195223562143,asinSameAs,archived
187,63881a9ddf3731ec1feb5d91,277489759039075,0,0.5,200685622549692,"[{'type': 'asinSameAs', 'value': 'B07D979443'}]",manual,3932195223562143,asinSameAs,archived
188,63881a9ddf3731ec1feb5dc9,78886162694414,0,0.5,200685622549692,"[{'type': 'asinSameAs', 'value': 'B07NVVB6RZ'}]",manual,3932195223562143,asinSameAs,archived
189,63881a9ddf3731ec1feb5e0d,149059294561816,0,0.5,200685622549692,"[{'type': 'asinSameAs', 'value': 'B07LD6KC7P'}]",manual,3932195223562143,asinSameAs,archived
190,63881a9edf3731ec1feb5e40,138521098982778,0,0.5,200685622549692,"[{'type': 'asinSameAs', 'value': 'B07XL8SH3R'}]",manual,3932195223562143,asinSameAs,archived
191,63881a9edf3731ec1feb5e74,94492483779736,0,0.5,200685622549692,"[{'type': 'asinSameAs', 'value': 'B07LD67D3Y'}]",manual,3932195223562143,asinSameAs,archived
192,63881a9edf3731ec1feb5ec9,198127254125517,0,0.5,200685622549692,"[{'type': 'asinSameAs', 'value': 'B06XBGC848'}]",manual,3932195223562143,asinSameAs,archived
193,63881a9edf3731ec1feb5efb,138162464603639,0,0.5,200685622549692,"[{'type': 'asinSameAs', 'value': 'B0026RHGAM'}]",manual,3932195223562143,asinSameAs,archived
194,63881a9edf3731ec1feb5f47,264875656977831,0,0.5,200685622549692,"[{'type': 'asinSameAs', 'value': 'B07Y2FK12B'}]",manual,3932195223562143,asinSameAs,archived
195,63881a9edf3731ec1feb5f93,201594890518815,0,0.5,200685622549692,"[{'type': 'asinSameAs', 'value': 'B07G4JCSJ7'}]",manual,3932195223562143,asinSameAs,archived
196,63881a9edf3731ec1feb5fce,199660075676430,0,0.5,200685622549692,"[{'type': 'asinSameAs', 'value': 'B07GSHDM84'}]",manual,3932195223562143,asinSameAs,archived
197,63881a9fdf3731ec1feb6023,195851295194270,0,0.5,200685622549692,"[{'type': 'asinSameAs', 'value': 'B07JXYJB9T'}]",manual,3932195223562143,asinSameAs,archived
198,63881a9fdf3731ec1feb606c,200760798562664,0,0.5,200685622549692,"[{'type': 'asinSameAs', 'value': 'B07JPWYZN2'}]",manual,3932195223562143,asinSameAs,archived
199,63881a9fdf3731ec1feb609e,140754700016476,0,0.7,200685622549692,"[{'type': 'asinSameAs', 'value': 'B08P7Y4ZYG'}]",manual,3932195223562143,asinSameAs,enabled
200,63881a9fdf3731ec1feb60d2,19248427789555,0,0.7,200685622549692,"[{'type': 'asinSameAs', 'value': 'B07D979443'}]",manual,3932195223562143,asinSameAs,enabled
201,63881a9fdf3731ec1feb60fe,212151913945849,0,0.7,200685622549692,"[{'type': 'asinSameAs', 'value': 'B0781HYT3Z'}]",manual,3932195223562143,asinSameAs,enabled
202,63881a9fdf3731ec1feb613c,214122297282697,0,0.7,200685622549692,"[{'type': 'asinSameAs', 'value': 'B07H29LNMT'}]",manual,3932195223562143,asinSameAs,enabled
203,63881aa0df3731ec1feb617a,30644425256684,0,0.7,200685622549692,"[{'type': 'asinSameAs', 'value': 'B07KQFH4GT'}]",manual,3932195223562143,asinSameAs,enabled
204,63881aa0df3731ec1feb61b8,69952514137092,0,0.7,200685622549692,"[{'type': 'asinSameAs', 'value': 'B07HYHGKTL'}]",manual,3932195223562143,asinSameAs,enabled
205,63881aa0df3731ec1feb61fa,212654569176317,0,0.7,200685622549692,"[{'type': 'asinSameAs', 'value': 'B005YU8TMC'}]",manual,3932195223562143,asinSameAs,enabled
206,63881aa0df3731ec1feb6221,29470519302631,0,0.7,200685622549692,"[{'type': 'asinSameAs', 'value': 'B074CXHF4T'}]",manual,3932195223562143,asinSameAs,enabled
207,63881aa0df3731ec1feb624a,7000148036177,0,0.7,200685622549692,"[{'type': 'asinSameAs', 'value': 'B01G4PSA7Y'}]",manual,3932195223562143,asinSameAs,enabled
208,63881aa0df3731ec1feb62f2,82896755746423,0,0.7,200685622549692,"[{'type': 'asinSameAs', 'value': 'B07JPWYZN2'}]",manual,3932195223562143,asinSameAs,paused
209,63881aa1df3731ec1feb6317,48859945449866,0,0.7,200685622549692,"[{'type': 'asinSameAs', 'value': 'B07FMQM7SY'}]",manual,3932195223562143,asinSameAs,enabled
210,63881aa1df3731ec1feb6346,97197338721239,0,0.7,200685622549692,"[{'type': 'asinSameAs', 'value': 'B08D989DGQ'}]",manual,3932195223562143,asinSameAs,enabled
211,63881aa1df3731ec1feb638c,54741347872222,0,0.7,200685622549692,"[{'type': 'asinSameAs', 'value': 'B07W6LQCFT'}]",manual,3932195223562143,asinSameAs,enabled
212,63881aa1df3731ec1feb63c6,157187216163899,0,0.7,200685622549692,"[{'type': 'asinSameAs', 'value': 'B085NCX4JF'}]",manual,3932195223562143,asinSameAs,enabled
213,63881aa1df3731ec1feb63ff,132682255877489,0,0.7,200685622549692,"[{'type': 'asinSameAs', 'value': 'B06Y3Z1CS2'}]",manual,3932195223562143,asinSameAs,enabled
214,63881aa1df3731ec1feb648b,143593971860686,0,0.7,200685622549692,"[{'type': 'asinSameAs', 'value': 'B08CBCG3CJ'}]",manual,3932195223562143,asinSameAs,enabled
215,63881aa1df3731ec1feb64c1,78867402906625,0,0.7,200685622549692,"[{'type': 'asinSameAs', 'value': 'B072392YGD'}]",manual,3932195223562143,asinSameAs,enabled
216,63881aa2df3731ec1feb64f2,257148523678821,0,0.7,200685622549692,"[{'type': 'asinSameAs', 'value': 'B07PVQH2HY'}]",manual,3932195223562143,asinSameAs,enabled
217,63881aa2df3731ec1feb651b,265536032863865,0,0.7,200685622549692,"[{'type': 'asinSameAs', 'value': 'B07DQD1RS7'}]",manual,3932195223562143,asinSameAs,enabled
218,63881aa2df3731ec1feb6563,232648063750056,0,0.7,200685622549692,"[{'type': 'asinSameAs', 'value': 'B0842ZW824'}]",manual,3932195223562143,asinSameAs,enabled
219,63881aa2df3731ec1feb65b2,196936484644260,0,0.7,200685622549692,"[{'type': 'asinSameAs', 'value': 'B071HRHL73'}]",manual,3932195223562143,asinSameAs,enabled
220,63881aa2df3731ec1feb65ea,35776489866829,0,0.7,200685622549692,"[{'type': 'asinSameAs', 'value': 'B087D5GYWL'}]",manual,3932195223562143,asinSameAs,enabled
221,63881aa2df3731ec1feb6633,80918120657696,0,0.7,200685622549692,"[{'type': 'asinSameAs', 'value': 'B07JQ8VDJL'}]",manual,3932195223562143,asinSameAs,enabled
222,63881aa3df3731ec1feb6658,253917602417758,0,0.7,200685622549692,"[{'type': 'asinSameAs', 'value': 'B07D97S39L'}]",manual,3932195223562143,asinSameAs,enabled
223,63881aa3df3731ec1feb668b,158633077379990,0,0.7,200685622549692,"[{'type': 'asinSameAs', 'value': 'B08D98C1SC'}]",manual,3932195223562143,asinSameAs,enabled
224,63881aa3df3731ec1feb66c4,226097493144650,0,0.7,200685622549692,"[{'type': 'asinSameAs', 'value': 'B07C7131WY'}]",manual,3932195223562143,asinSameAs,enabled
225,63881aa3df3731ec1feb66ee,171044893806534,0,0.7,200685622549692,"[{'type': 'asinSameAs', 'value': 'B07GSK69V5'}]",manual,3932195223562143,asinSameAs,enabled
226,63881aa3df3731ec1feb6720,237694310630254,0,0.7,200685622549692,"[{'type': 'asinSameAs', 'value': 'B07SKC5GNM'}]",manual,3932195223562143,asinSameAs,enabled
227,63881aa3df3731ec1feb677c,25285145310083,0,0.7,200685622549692,"[{'type': 'asinSameAs', 'value': 'B07JWH8C87'}]",manual,3932195223562143,asinSameAs,enabled
228,63881aa3df3731ec1feb6812,177539153843836,0,0.7,200685622549692,"[{'type': 'asinSameAs', 'value': 'B07H9G6GKP'}]",manual,3932195223562143,asinSameAs,enabled
229,63881aa4df3731ec1feb6851,141328557086565,0,0.7,200685622549692,"[{'type': 'asinSameAs', 'value': 'B07QQWVKMM'}]",manual,3932195223562143,asinSameAs,enabled
230,63881aa4df3731ec1feb6881,56921586263060,0,0.7,200685622549692,"[{'type': 'asinSameAs', 'value': 'B07PKBCD72'}]",manual,3932195223562143,asinSameAs,enabled
231,63881aa4df3731ec1feb68c8,259749592603142,0,0.7,200685622549692,"[{'type': 'asinSameAs', 'value': 'B082776H7N'}]",manual,3932195223562143,asinSameAs,enabled
232,63881aa4df3731ec1feb68fe,32232819683308,0,0.7,200685622549692,"[{'type': 'asinSameAs', 'value': 'B074MKSSHK'}]",manual,3932195223562143,asinSameAs,enabled
233,63881aa4df3731ec1feb693a,185913202234001,0,0.7,200685622549692,"[{'type': 'asinSameAs', 'value': 'B01J74UIGK'}]",manual,3932195223562143,asinSameAs,enabled
234,63881aa4df3731ec1feb6985,266180174336527,0,0.7,200685622549692,"[{'type': 'asinSameAs', 'value': 'B08C37CW1Y'}]",manual,3932195223562143,asinSameAs,enabled
235,63881aa5df3731ec1feb69df,232758631866934,0,0.7,200685622549692,"[{'type': 'asinSameAs', 'value': 'B079JK7G72'}]",manual,3932195223562143,asinSameAs,enabled
236,63881aa5df3731ec1feb6a54,201977492673156,0,0.7,200685622549692,"[{'type': 'asinSameAs', 'value': 'B07VR4SWC2'}]",manual,3932195223562143,asinSameAs,enabled
237,63881aa5df3731ec1feb6aa0,117332582600129,0,0.7,200685622549692,"[{'type': 'asinSameAs', 'value': 'B07QTYQZHG'}]",manual,3932195223562143,asinSameAs,enabled
238,63881aa5df3731ec1feb6adb,38573078003341,0,0.7,200685622549692,"[{'type': 'asinSameAs', 'value': 'B07CVLX1RJ'}]",manual,3932195223562143,asinSameAs,enabled
239,63881aa5df3731ec1feb6b09,252058483667624,0,0.7,200685622549692,"[{'type': 'asinSameAs', 'value': 'B07R6P3CHZ'}]",manual,3932195223562143,asinSameAs,enabled
240,63881aa5df3731ec1feb6c1d,251254778943496,0,0.7,200685622549692,"[{'type': 'asinSameAs', 'value': 'B07J5BZQ5D'}]",manual,3932195223562143,asinSameAs,enabled
241,63881aa6df3731ec1feb6c5a,263968448807602,0,0.7,200685622549692,"[{'type': 'asinSameAs', 'value': 'B07BK2NPRL'}]",manual,3932195223562143,asinSameAs,enabled
242,63881aa6df3731ec1feb6c92,244176832172836,0,0.7,200685622549692,"[{'type': 'asinSameAs', 'value': 'B07F2L92RY'}]",manual,3932195223562143,asinSameAs,enabled
243,63881aa6df3731ec1feb6ce8,105500831674678,0,0.7,200685622549692,"[{'type': 'asinSameAs', 'value': 'B082GXP52L'}]",manual,3932195223562143,asinSameAs,enabled
244,63881aa6df3731ec1feb6d21,160656712019561,0,0.7,200685622549692,"[{'type': 'asinSameAs', 'value': 'B08NQD5HPN'}]",manual,3932195223562143,asinSameAs,enabled
245,63881aa6df3731ec1feb6d66,29875265873395,0,0.7,200685622549692,"[{'type': 'asinSameAs', 'value': 'B002NLGNW8'}]",manual,3932195223562143,asinSameAs,enabled
246,63881aa6df3731ec1feb6dc9,194232242153556,0,0.7,200685622549692,"[{'type': 'asinSameAs', 'value': 'B07VC7YNZZ'}]",manual,3932195223562143,asinSameAs,enabled
247,63881aa6df3731ec1feb6e04,215784091634807,0,0.7,200685622549692,"[{'type': 'asinSameAs', 'value': 'B07VC9VRXZ'}]",manual,3932195223562143,asinSameAs,enabled
248,63881aa7df3731ec1feb6e6e,6461917165586,0,0.7,200685622549692,"[{'type': 'asinSameAs', 'value': 'B01J74U9W8'}]",manual,3932195223562143,asinSameAs,enabled
249,63881aa7df3731ec1feb6ee8,174479202440971,0,0.7,200685622549692,"[{'type': 'asinSameAs', 'value': 'B076ZS1BJL'}]",manual,3932195223562143,asinSameAs,enabled
250,63881aa7df3731ec1feb6f79,258763187177800,0,0.7,200685622549692,"[{'type': 'asinSameAs', 'value': 'B0027VGB4Y'}]",manual,3932195223562143,asinSameAs,enabled
251,63881aa7df3731ec1feb6fa9,278492561811260,0,0.7,200685622549692,"[{'type': 'asinSameAs', 'value': 'B07JNQKW8G'}]",manual,3932195223562143,asinSameAs,enabled
252,63881aa7df3731ec1feb6ff4,239604185986984,0,0.7,200685622549692,"[{'type': 'asinSameAs', 'value': 'B07H9KBMPP'}]",manual,3932195223562143,asinSameAs,enabled
253,63881aa7df3731ec1feb7027,148684964818014,0,0.7,200685622549692,"[{'type': 'asinSameAs', 'value': 'B07BK4PXF7'}]",manual,3932195223562143,asinSameAs,enabled
254,63881aa8df3731ec1feb7058,250611933501045,0,0.7,200685622549692,"[{'type': 'asinSameAs', 'value': 'B07CVLCRZ6'}]",manual,3932195223562143,asinSameAs,enabled
255,63881aa8df3731ec1feb7086,113836515919819,0,0.7,200685622549692,"[{'type': 'asinSameAs', 'value': 'B07ST8TRLJ'}]",manual,3932195223562143,asinSameAs,enabled
256,63881aa8df3731ec1feb70e4,69826991402750,0,0.7,200685622549692,"[{'type': 'asinSameAs', 'value': 'B07TT6X9F9'}]",manual,3932195223562143,asinSameAs,enabled
257,63881aa8df3731ec1feb712b,97761797837903,0,0.7,200685622549692,"[{'type': 'asinSameAs', 'value': 'B01M258QPF'}]",manual,3932195223562143,asinSameAs,enabled
258,63881aa8df3731ec1feb715a,160043373665331,0,0.7,200685622549692,"[{'type': 'asinSameAs', 'value': 'B07NVVN6Q5'}]",manual,3932195223562143,asinSameAs,enabled
259,63881aa8df3731ec1feb719e,8221112657049,0,0.7,200685622549692,"[{'type': 'asinSameAs', 'value': 'B07YL4TZDZ'}]",manual,3932195223562143,asinSameAs,enabled
260,63881aa9df3731ec1feb71d3,96499287207551,0,0.7,200685622549692,"[{'type': 'asinSameAs', 'value': 'B00SNDCCV6'}]",manual,3932195223562143,asinSameAs,enabled
261,63881aa9df3731ec1feb7217,245526607274013,0,0.7,200685622549692,"[{'type': 'asinSameAs', 'value': 'B00ZMZPGMK'}]",manual,3932195223562143,asinSameAs,enabled
262,63881aa9df3731ec1feb724a,9739941098433,0,0.7,200685622549692,"[{'type': 'asinSameAs', 'value': 'B00IJJXS4O'}]",manual,3932195223562143,asinSameAs,enabled
263,63881aa9df3731ec1feb7284,132644163750189,0,0.7,200685622549692,"[{'type': 'asinSameAs', 'value': 'B07QYT7R91'}]",manual,3932195223562143,asinSameAs,enabled
264,63881aa9df3731ec1feb72be,146459947443788,0,0.7,200685622549692,"[{'type': 'asinSameAs', 'value': 'B00SAXK3J2'}]",manual,3932195223562143,asinSameAs,enabled
265,63881aa9df3731ec1feb72f9,268435310135406,0,0.7,200685622549692,"[{'type': 'asinSameAs', 'value': 'B077BPYK5S'}]",manual,3932195223562143,asinSameAs,enabled
266,63881aa9df3731ec1feb7331,147073279848030,0,0.7,200685622549692,"[{'type': 'asinSameAs', 'value': 'B085G4ML6F'}]",manual,3932195223562143,asinSameAs,enabled
267,63881aaadf3731ec1feb7353,218127474219529,0,0.7,200685622549692,"[{'type': 'asinSameAs', 'value': 'B07H9KXFWC'}]",manual,3932195223562143,asinSameAs,enabled
268,63881aaadf3731ec1feb7383,7406114016341,0,0.7,200685622549692,"[{'type': 'asinSameAs', 'value': 'B07CVN9WPS'}]",manual,3932195223562143,asinSameAs,enabled
269,63881aaadf3731ec1feb73d1,218006807899365,0,0.7,200685622549692,"[{'type': 'asinSameAs', 'value': 'B07GRPS8VC'}]",manual,3932195223562143,asinSameAs,enabled
270,63881aaadf3731ec1feb73fe,186325741943093,0,0.7,200685622549692,"[{'type': 'asinSameAs', 'value': 'B0798M3LGC'}]",manual,3932195223562143,asinSameAs,enabled
271,63881aaadf3731ec1feb7424,249164662105573,0,0.7,200685622549692,"[{'type': 'asinSameAs', 'value': 'B08GZ2H2FX'}]",manual,3932195223562143,asinSameAs,enabled
272,63881aaadf3731ec1feb74bd,210120170707596,0,0.7,200685622549692,"[{'type': 'asinSameAs', 'value': 'B06XKXFJSF'}]",manual,3932195223562143,asinSameAs,enabled
273,63881aabdf3731ec1feb74e2,62346540963934,0,0.7,200685622549692,"[{'type': 'asinSameAs', 'value': 'B074SY3GDR'}]",manual,3932195223562143,asinSameAs,enabled
274,63881aabdf3731ec1feb7515,214351225183260,0,0.7,200685622549692,"[{'type': 'asinSameAs', 'value': 'B07CQQ8CN6'}]",manual,3932195223562143,asinSameAs,enabled
275,63881aabdf3731ec1feb754d,54467348471147,0,0.7,200685622549692,"[{'type': 'asinSameAs', 'value': 'B01K73FNE2'}]",manual,3932195223562143,asinSameAs,enabled
276,63881aabdf3731ec1feb758b,220525147941981,0,0.7,200685622549692,"[{'type': 'asinSameAs', 'value': 'B07LD57697'}]",manual,3932195223562143,asinSameAs,enabled
277,63881aabdf3731ec1feb75c1,44825347608380,0,0.7,200685622549692,"[{'type': 'asinSameAs', 'value': 'B075MD23CW'}]",manual,3932195223562143,asinSameAs,enabled
278,63881aabdf3731ec1feb7649,3303663690275,0,0.7,200685622549692,"[{'type': 'asinSameAs', 'value': 'B081T459P4'}]",manual,3932195223562143,asinSameAs,enabled
279,63881aacdf3731ec1feb7686,275838766788542,0,0.7,200685622549692,"[{'type': 'asinSameAs', 'value': 'B083SK7YQ5'}]",manual,3932195223562143,asinSameAs,enabled
280,63881aacdf3731ec1feb76ae,43797905019757,0,0.7,200685622549692,"[{'type': 'asinSameAs', 'value': 'B07C2HQ51H'}]",manual,3932195223562143,asinSameAs,enabled
281,63881aacdf3731ec1feb76d3,146638208462733,0,0.7,200685622549692,"[{'type': 'asinSameAs', 'value': 'B01MY1OUA2'}]",manual,3932195223562143,asinSameAs,enabled
282,63881aacdf3731ec1feb770c,219378171917382,0,0.7,200685622549692,"[{'type': 'asinSameAs', 'value': 'B07MJ4ZLXN'}]",manual,3932195223562143,asinSameAs,enabled
283,63881aacdf3731ec1feb7731,46670422182186,0,0.7,200685622549692,"[{'type': 'asinSameAs', 'value': 'B00WSDFJTO'}]",manual,3932195223562143,asinSameAs,enabled
284,63881aacdf3731ec1feb7776,268606311629521,0,0.7,200685622549692,"[{'type': 'asinSameAs', 'value': 'B07K9VW89L'}]",manual,3932195223562143,asinSameAs,enabled
285,63881aacdf3731ec1feb77a4,160181462749243,0,0.7,200685622549692,"[{'type': 'asinSameAs', 'value': 'B07CT4LHMC'}]",manual,3932195223562143,asinSameAs,enabled
286,63881aaddf3731ec1feb77d6,2853904954918,0,0.7,200685622549692,"[{'type': 'asinSameAs', 'value': 'B08KSRX6HS'}]",manual,3932195223562143,asinSameAs,enabled
287,63881aaddf3731ec1feb7803,163056854207413,0,0.7,200685622549692,"[{'type': 'asinSameAs', 'value': 'B094JWM7K9'}]",manual,3932195223562143,asinSameAs,enabled
288,63881aaddf3731ec1feb7844,140642510288773,0,0.7,200685622549692,"[{'type': 'asinSameAs', 'value': 'B091C6248H'}]",manual,3932195223562143,asinSameAs,enabled
289,63881aaddf3731ec1feb786e,174087828899279,0,0.7,200685622549692,"[{'type': 'asinSameAs', 'value': 'B081SVXHJQ'}]",manual,3932195223562143,asinSameAs,enabled
290,63881aaddf3731ec1feb78bc,141680219957282,0,0.7,200685622549692,"[{'type': 'asinSameAs', 'value': 'B07SVCTV6S'}]",manual,3932195223562143,asinSameAs,enabled
291,63881aaddf3731ec1feb78ed,109187374153392,0,0.7,200685622549692,"[{'type': 'asinSameAs', 'value': 'B08VDND6KD'}]",manual,3932195223562143,asinSameAs,enabled
292,63881aaedf3731ec1feb7975,265159397410918,0,0.7,200685622549692,"[{'type': 'asinSameAs', 'value': 'B098T3T97X'}]",manual,3932195223562143,asinSameAs,enabled
293,63881aaedf3731ec1feb79b5,166917098466345,0,0.7,200685622549692,"[{'type': 'asinSameAs', 'value': 'B093SFL99M'}]",manual,3932195223562143,asinSameAs,enabled
294,63881aaedf3731ec1feb79f9,88855982308341,0,0.7,200685622549692,"[{'type': 'asinSameAs', 'value': 'B000JNLLQU'}]",manual,3932195223562143,asinSameAs,enabled
295,63881aaedf3731ec1feb7a50,11070081181918,0,0.7,200685622549692,"[{'type': 'asinSameAs', 'value': 'B07NTVDNCV'}]",manual,3932195223562143,asinSameAs,enabled
296,63881aaedf3731ec1feb7a80,94307121834399,0,0.7,200685622549692,"[{'type': 'asinSameAs', 'value': 'B07RFGHVRM'}]",manual,3932195223562143,asinSameAs,enabled
297,63881aaedf3731ec1feb7ab7,88495901278099,0,0.7,200685622549692,"[{'type': 'asinSameAs', 'value': 'B08DD2KFGL'}]",manual,3932195223562143,asinSameAs,enabled
298,63881aaedf3731ec1feb7b12,70018860260747,0,0.7,200685622549692,"[{'type': 'asinSameAs', 'value': 'B00L4BI1ZK'}]",manual,3932195223562143,asinSameAs,enabled
299,63881aafdf3731ec1feb7b4f,179836155474795,0,0.7,200685622549692,"[{'type': 'asinSameAs', 'value': 'B08L9C339S'}]",manual,3932195223562143,asinSameAs,enabled
300,63881aafdf3731ec1feb7b92,98355459322454,0,0.7,200685622549692,"[{'type': 'asinSameAs', 'value': 'B08T66SPJN'}]",manual,3932195223562143,asinSameAs,enabled
301,63881aafdf3731ec1feb7bd8,222487046527318,0,0.7,200685622549692,"[{'type': 'asinSameAs', 'value': 'B07Q6VCBJ4'}]",manual,3932195223562143,asinSameAs,enabled
302,63881aafdf3731ec1feb7c1b,280699943809688,0,0.7,200685622549692,"[{'type': 'asinSameAs', 'value': 'B07ML89LY4'}]",manual,3932195223562143,asinSameAs,enabled
303,63881aafdf3731ec1feb7d1b,1424197187242,0,0.7,200685622549692,"[{'type': 'asinCategorySameAs', 'value': '13106341'}, {'type': 'asinBrandSameAs', 'value': '19887901011'}]",manual,3932195223562143,asinCategorySameAs,enabled
304,63881aafdf3731ec1feb7d45,3165595551731,0,0.4,200685622549692,"[{'type': 'asinCategorySameAs', 'value': '13106341'}, {'type': 'asinBrandSameAs', 'value': '20047769011'}]",manual,3932195223562143,asinCategorySameAs,enabled
305,63881ab0df3731ec1feb7d8a,84365458589879,0,0.7,200685622549692,"[{'type': 'asinCategorySameAs', 'value': '13106341'}, {'type': 'asinBrandSameAs', 'value': '20744124011'}]",manual,3932195223562143,asinCategorySameAs,enabled
306,63881ab0df3731ec1feb7dbe,72284133470178,0,0.7,200685622549692,"[{'type': 'asinCategorySameAs', 'value': '13106341'}, {'type': 'asinBrandSameAs', 'value': '20592231011'}]",manual,3932195223562143,asinCategorySameAs,enabled
307,63881ab0df3731ec1feb7e0c,237991083489512,0,0.7,200685622549692,"[{'type': 'asinCategorySameAs', 'value': '13106341'}, {'type': 'asinBrandSameAs', 'value': '2596957011'}]",manual,3932195223562143,asinCategorySameAs,enabled
308,63881ab0df3731ec1feb7e37,97853173167787,0,0.7,200685622549692,"[{'type': 'asinCategorySameAs', 'value': '13106341'}, {'type': 'asinPriceGreaterThan', 'value': '20'}]",manual,3932195223562143,asinCategorySameAs,paused
309,63881ab0df3731ec1feb7e96,210231831069732,0,0.7,200685622549692,"[{'type': 'asinSameAs', 'value': 'B07JXYJB9T'}]",manual,3932195223562143,asinSameAs,enabled
310,63881ab0df3731ec1feb7ecc,84976048607894,0,0.7,200685622549692,"[{'type': 'asinSameAs', 'value': 'B08YMYV9FL'}]",manual,3932195223562143,asinSameAs,enabled
311,63881ab1df3731ec1feb7f40,167999374072873,0,0.4,200685622549692,"[{'type': 'asinSameAs', 'value': 'B07JJ47VZS'}]",manual,3932195223562143,asinSameAs,paused
312,63881ab1df3731ec1feb7f7f,73173503294703,0,0.7,200685622549692,"[{'type': 'asinSameAs', 'value': 'B076VJW1XR'}]",manual,3932195223562143,asinSameAs,enabled
313,63881ab1df3731ec1feb802e,161217390982141,0,0.7,200685622549692,"[{'type': 'asinSameAs', 'value': 'B0919T6VN1'}]",manual,3932195223562143,asinSameAs,enabled
314,63881ab1df3731ec1feb8071,256241470785901,0,0.7,200685622549692,"[{'type': 'asinSameAs', 'value': 'B09BV7JBVB'}]",manual,3932195223562143,asinSameAs,enabled
315,63881ab1df3731ec1feb80b9,261149273293051,0,0.7,200685622549692,"[{'type': 'asinSameAs', 'value': 'B08M83HF18'}]",manual,3932195223562143,asinSameAs,enabled
316,63881ab3df3731ec1feb8275,173355294970651,0,0.25,62097437794176,"[{'type': 'asinSameAs', 'value': 'B098R5KZYX'}]",manual,3932195223562143,asinSameAs,enabled
317,63881ab3df3731ec1feb82bc,109038158607056,0,0.25,62097437794176,"[{'type': 'asinSameAs', 'value': 'B098R478GX'}]",manual,3932195223562143,asinSameAs,enabled
318,63881ab3df3731ec1feb82e8,174264513073350,0,0.25,62097437794176,"[{'type': 'asinSameAs', 'value': 'B098R5HTVB'}]",manual,3932195223562143,asinSameAs,enabled
319,63881ab3df3731ec1feb832a,279431820477852,0,0.25,62097437794176,"[{'type': 'asinSameAs', 'value': 'B098R4WY6N'}]",manual,3932195223562143,asinSameAs,enabled
320,63881ab3df3731ec1feb835c,180101739836612,0,0.25,62097437794176,"[{'type': 'asinSameAs', 'value': 'B098R4WY6N'}]",manual,3932195223562143,asinSameAs,enabled
321,63881ab3df3731ec1feb839d,234995817989832,0,0.25,62097437794176,"[{'type': 'asinSameAs', 'value': 'B098R478GX'}]",manual,3932195223562143,asinSameAs,enabled
322,63881ab3df3731ec1feb83d8,57362846421526,0,0.25,62097437794176,"[{'type': 'asinSameAs', 'value': 'B098R5HTVB'}]",manual,3932195223562143,asinSameAs,enabled
323,63881ab4df3731ec1feb8432,164153273527714,0,0.25,62097437794176,"[{'type': 'asinSameAs', 'value': 'B098R5KZYX'}]",manual,3932195223562143,asinSameAs,enabled
324,63881ab4df3731ec1feb8540,20897317524900,0,0.14,189000151262825,"[{'type': 'asinSameAs', 'value': 'B092MQTBDF'}]",manual,3932195223562143,asinSameAs,enabled
325,63881ab4df3731ec1feb85df,269439944961270,0,0.14,189000151262825,"[{'type': 'asinSameAs', 'value': 'B092MQQW3W'}]",manual,3932195223562143,asinSameAs,enabled
326,63881ab5df3731ec1feb861b,250148102820063,0,0.22,189000151262825,"[{'type': 'asinSameAs', 'value': 'B092MM8SYV'}]",manual,3932195223562143,asinSameAs,enabled
327,63881ab5df3731ec1feb8644,281201415954556,0,0.14,189000151262825,"[{'type': 'asinSameAs', 'value': 'B092MP8D8J'}]",manual,3932195223562143,asinSameAs,enabled
328,63881ab5df3731ec1feb8678,130032650625652,0,0.15,189000151262825,"[{'type': 'asinSameAs', 'value': 'B092MM8SYV'}]",manual,3932195223562143,asinSameAs,enabled
329,63881ab5df3731ec1feb86b2,171906259733199,0,0.14,189000151262825,"[{'type': 'asinSameAs', 'value': 'B092MP8D8J'}]",manual,3932195223562143,asinSameAs,enabled
330,63881ab5df3731ec1feb86dd,146163514948352,0,0.14,189000151262825,"[{'type': 'asinSameAs', 'value': 'B092MQQW3W'}]",manual,3932195223562143,asinSameAs,enabled
331,63881ab5df3731ec1feb8777,27393954983003,0,0.14,189000151262825,"[{'type': 'asinSameAs', 'value': 'B092MQTBDF'}]",manual,3932195223562143,asinSameAs,enabled
332,63881ab6df3731ec1feb8806,178227969090008,0,0.1,4170857137442,[{'type': 'queryHighRelMatches'}],auto,3932195223562143,queryHighRelMatches,enabled
333,63881ab6df3731ec1feb8834,212818920661960,0,0.1,4170857137442,[{'type': 'queryBroadRelMatches'}],auto,3932195223562143,queryBroadRelMatches,enabled
334,63881ab6df3731ec1feb8867,278870867305861,0,0.1,4170857137442,[{'type': 'asinAccessoryRelated'}],auto,3932195223562143,asinAccessoryRelated,enabled
335,63881ab6df3731ec1feb889f,124903494809121,0,0.1,4170857137442,[{'type': 'asinSubstituteRelated'}],auto,3932195223562143,asinSubstituteRelated,enabled
336,63881ab7df3731ec1feb88c5,220578137967593,0,,4170857137442,[{'type': 'queryHighRelMatches'}],auto,3932195223562143,queryHighRelMatches,archived
337,63881ab7df3731ec1feb88f6,187135308062954,0,,4170857137442,[{'type': 'queryBroadRelMatches'}],auto,3932195223562143,queryBroadRelMatches,archived
338,63881ab7df3731ec1feb891d,10341736548074,0,,4170857137442,[{'type': 'asinAccessoryRelated'}],auto,3932195223562143,asinAccessoryRelated,archived
339,63881ab7df3731ec1feb8958,245672474243105,0,,4170857137442,[{'type': 'asinSubstituteRelated'}],auto,3932195223562143,asinSubstituteRelated,archived
340,63881ab8df3731ec1feb8ae0,184850671480860,0,0.07,11562017053024,"[{'type': 'asinCategorySameAs', 'value': '2474963011'}]",manual,3932195223562143,asinCategorySameAs,enabled
341,63881ab8df3731ec1feb8b22,63663451603806,0,0.05,11562017053024,"[{'type': 'asinCategorySameAs', 'value': '3480678011'}]",manual,3932195223562143,asinCategorySameAs,enabled
342,63881ab8df3731ec1feb8b59,249779510032057,0,0.07,11562017053024,"[{'type': 'asinCategorySameAs', 'value': '9001141011'}]",manual,3932195223562143,asinCategorySameAs,enabled
343,63881ab8df3731ec1feb8bb8,139949191914704,0,0.05,11562017053024,"[{'type': 'asinCategorySameAs', 'value': '20722805011'}]",manual,3932195223562143,asinCategorySameAs,enabled
344,63881ab9df3731ec1feb8be5,261597049490611,0,0.07,11562017053024,"[{'type': 'asinCategorySameAs', 'value': '7072322011'}]",manual,3932195223562143,asinCategorySameAs,enabled
345,63881ab9df3731ec1feb8c28,183970898319381,0,0.05,11562017053024,"[{'type': 'asinCategorySameAs', 'value': '20722938011'}]",manual,3932195223562143,asinCategorySameAs,enabled
346,63881ab9df3731ec1feb8c6d,165333579530049,0,0.07,11562017053024,"[{'type': 'asinCategorySameAs', 'value': '7072331011'}]",manual,3932195223562143,asinCategorySameAs,enabled
347,63881ab9df3731ec1feb8cc7,215789021051148,0,0.14,11562017053024,"[{'type': 'asinCategorySameAs', 'value': '3763611'}]",manual,3932195223562143,asinCategorySameAs,enabled
348,63881ab9df3731ec1feb8dae,128489863710105,0,0.05,11562017053024,"[{'type': 'asinCategorySameAs', 'value': '8619203011'}]",manual,3932195223562143,asinCategorySameAs,enabled
349,63881ab9df3731ec1feb8df7,244564164005615,0,0.1,11562017053024,"[{'type': 'asinCategorySameAs', 'value': '21615009011'}]",manual,3932195223562143,asinCategorySameAs,enabled
350,63881abadf3731ec1feb8e4e,83437559048414,0,0.1,11562017053024,"[{'type': 'asinCategorySameAs', 'value': '5006362011'}]",manual,3932195223562143,asinCategorySameAs,enabled
351,63881abadf3731ec1feb8e80,8796332001459,0,0.05,11562017053024,"[{'type': 'asinCategorySameAs', 'value': '8404657011'}]",manual,3932195223562143,asinCategorySameAs,enabled
352,63881abadf3731ec1feb8ec8,180616490623181,0,0.05,11562017053024,"[{'type': 'asinCategorySameAs', 'value': '3775541'}]",manual,3932195223562143,asinCategorySameAs,enabled
353,63881abadf3731ec1feb8f1d,247212026256614,0,0.05,11562017053024,"[{'type': 'asinCategorySameAs', 'value': '13106341'}]",manual,3932195223562143,asinCategorySameAs,enabled
354,63881abbdf3731ec1feb900f,37556280893338,0,0.26,129609935463643,[{'type': 'queryHighRelMatches'}],auto,3932195223562143,queryHighRelMatches,enabled
355,63881abbdf3731ec1feb90a7,207624767420221,0,0.44,129609935463643,[{'type': 'queryBroadRelMatches'}],auto,3932195223562143,queryBroadRelMatches,enabled
356,63881abbdf3731ec1feb9113,134036737536358,0,,129609935463643,[{'type': 'asinAccessoryRelated'}],auto,3932195223562143,asinAccessoryRelated,enabled
357,63881abbdf3731ec1feb9154,7473519709580,0,0.55,129609935463643,[{'type': 'asinSubstituteRelated'}],auto,3932195223562143,asinSubstituteRelated,enabled
358,63881abcdf3731ec1feb9315,276394753247008,0,0.21,250401091482088,"[{'type': 'asinSameAs', 'value': 'B07C7131WY'}]",manual,3932195223562143,asinSameAs,paused
359,63881abcdf3731ec1feb9343,142861558159205,0,0.21,250401091482088,"[{'type': 'asinSameAs', 'value': 'B00ZO4WW7Q'}]",manual,3932195223562143,asinSameAs,paused
360,63881abcdf3731ec1feb938a,24685605828114,0,0.21,250401091482088,"[{'type': 'asinSameAs', 'value': 'B013L5MCQK'}]",manual,3932195223562143,asinSameAs,paused
361,63881abddf3731ec1feb93c7,20384287368158,0,0.29,250401091482088,"[{'type': 'asinCategorySameAs', 'value': '8619203011'}]",manual,3932195223562143,asinCategorySameAs,enabled
362,63881abddf3731ec1feb93ff,92640744448647,0,0.18,250401091482088,"[{'type': 'asinSameAs', 'value': 'B07K1KJ5LF'}]",manual,3932195223562143,asinSameAs,paused
363,63881abddf3731ec1feb942c,161038786979803,0,0.15,250401091482088,"[{'type': 'asinSameAs', 'value': 'B0882Q5NBY'}]",manual,3932195223562143,asinSameAs,paused
364,63881abddf3731ec1feb9474,26422139173361,0,0.31,250401091482088,"[{'type': 'asinCategorySameAs', 'value': '3763611'}]",manual,3932195223562143,asinCategorySameAs,enabled
365,63881abddf3731ec1feb94a5,97803592258564,0,0.15,250401091482088,"[{'type': 'asinSameAs', 'value': 'B07NQRNJN3'}]",manual,3932195223562143,asinSameAs,enabled
366,63881abddf3731ec1feb94d9,241755441716150,0,0.27,250401091482088,"[{'type': 'asinSameAs', 'value': 'B09WLG21X4'}]",manual,3932195223562143,asinSameAs,enabled
367,63881abedf3731ec1feb9520,272207963589444,0,0.15,250401091482088,"[{'type': 'asinSameAs', 'value': 'B07VSQXMHH'}]",manual,3932195223562143,asinSameAs,enabled
368,63881abedf3731ec1feb9554,253433773884847,0,0.15,250401091482088,"[{'type': 'asinSameAs', 'value': 'B07Y5G9TBF'}]",manual,3932195223562143,asinSameAs,enabled
369,63881abedf3731ec1feb9587,69330852209327,0,0.21,250401091482088,"[{'type': 'asinSameAs', 'value': 'B01096W39K'}]",manual,3932195223562143,asinSameAs,enabled
370,63881abedf3731ec1feb95c6,270170316739550,0,0.21,250401091482088,"[{'type': 'asinSameAs', 'value': 'B01D111IBO'}]",manual,3932195223562143,asinSameAs,enabled
371,63881abedf3731ec1feb95f3,157837714911135,0,0.21,250401091482088,"[{'type': 'asinSameAs', 'value': 'B077BSDWJZ'}]",manual,3932195223562143,asinSameAs,enabled
372,63881abedf3731ec1feb966a,269383164443276,0,0.15,250401091482088,"[{'type': 'asinSameAs', 'value': 'B07P8MC66C'}]",manual,3932195223562143,asinSameAs,enabled
373,63881abedf3731ec1feb96a8,63717252137933,0,0.18,250401091482088,"[{'type': 'asinSameAs', 'value': 'B08NSXHBCP'}]",manual,3932195223562143,asinSameAs,enabled
374,63881ac2df3731ec1feb9b57,21260189736567,0,0.29,171733710937209,"[{'type': 'asinCategorySameAs', 'value': '13106341'}]",manual,3932195223562143,asinCategorySameAs,enabled
