,date,campaignName,adGroupName,targeting,matchType,__v_x,active_x,bid,optimizing_x,__v_y,active_y,optimizing_y,__v_x,active,dailyBudget,optimizing,premiumBidAdjustment,bidMultiplier,bidOptimization_y,clicks,impressions,cost,purchases1d,purchases7d,purchases30d,sales30d,__v_y,conversions,sales,Number_of_word,campaignName_enc,adGroupName_enc,targeting_enc,matchType_enc
0,2022-08-21,Brace - SP - BBM,bbm,+tendonitis +wrist,broad,0,3,1.98,0,0,3,0,0,3,90,0,3,0,0,21,5453,30.509999999999998,0,0,0,0.0,0,0,0.0,2,0,14,3,0
1,2022-08-21,Brace - SP - Broad - Generic - GS,Generic Keywords,sport wrist brace,broad,0,2,1.6,0,0,2,0,0,2,40,0,2,0,0,0,13,0.0,0,0,0,0.0,0,0,0.0,3,1,2,68,0
2,2022-08-21,Brace - SP - Broad - Generic - GS,Generic Keywords,wrist brace typing,broad,0,1,0.23,0,0,1,0,0,1,20,0,1,0,0,0,2,0.0,0,0,0,0.0,0,0,0.0,3,1,2,84,0
3,2022-08-21,Brace - SP - Broad - Injury KW - GS,Injury,wrist injury,broad,0,3,0.51,0,0,3,0,0,3,75,0,0,0,0,0,21,0.0,0,0,0,0.0,0,0,0.0,2,2,6,90,0
4,2022-08-21,Brace - SP - Competitor manual,brace,night wrist brace,broad,0,2,0.52,0,0,2,0,0,2,40,0,0,0,0,0,5,0.0,0,0,0,0.0,0,0,0.0,3,3,15,59,0
5,2022-08-21,Brace - SP - Competitor manual,brace,night wrist brace,phrase,0,1,0.34,0,0,1,0,0,1,20,0,0,0,0,0,1,0.0,0,0,0,0.0,0,0,0.0,3,3,15,59,2
6,2022-08-21,Brace - SP - Exact - Generic - GS,Left,left hand brace,exact,0,2,0.6,0,0,2,0,0,2,40,0,0,0,0,0,6,0.0,0,0,0,0.0,0,0,0.0,3,4,7,53,1
7,2022-08-21,Brace - SP - Exact - Generic - GS,Left,wrist brace left hand,exact,0,1,0.3,0,0,1,0,0,1,20,0,0,0,0,0,3,0.0,0,0,0,0.0,0,0,0.0,4,4,7,83,1
8,2022-08-21,Brace - SP - Exact - Injury KW - GS,Sprains,brace for sprain wrist,exact,0,1,0.33,0,0,1,0,0,1,20,0,0,0,0,0,1,0.0,0,0,0,0.0,0,0,0.0,4,5,10,12,1
9,2022-08-21,Brace - SP - Exact - Injury KW - GS,Sprains,wrist brace for sprained wrist,exact,0,2,1.02,0,0,2,0,0,2,40,0,0,0,0,0,16,0.0,0,0,0,0.0,0,0,0.0,5,5,10,82,1
10,2022-08-21,Catch all grouped,brace,comfybrace,phrase,0,3,0.42000000000000004,0,0,3,0,0,3,60,0,0,0,0,0,0,0.0,0,0,0,0.0,0,0,0.0,1,6,15,16,2
11,2022-08-21,Gloves  - Competitor Brand - Exact,Gloves  - Competitor Brand - Exact,copper compression,broad,0,1,0.4,0,0,1,0,0,1,10,0,0,0,0,0,0,0.0,0,0,0,0.0,0,0,0.0,2,7,3,25,0
12,2022-08-21,Gloves  - Competitor Brand - Exact,Gloves  - Competitor Brand - Exact,copper compression,exact,0,1,0.4,0,0,1,0,0,1,10,0,0,0,0,0,0,0.0,0,0,0,0.0,0,0,0.0,2,7,3,25,1
13,2022-08-21,Gloves  - Competitor Brand - Exact,Gloves  - Competitor Brand - Exact,copper compression,phrase,0,1,0.41,0,0,1,0,0,1,10,0,0,0,0,0,0,0.0,0,0,0,0.0,0,0,0.0,2,7,3,25,2
14,2022-08-21,Gloves - SP - Cerebro - Amazons Choice - Exact,Gloves - SP - Cerebro - Amazons Choice - Exact,gloves carpal tunnel,exact,0,3,0.99,0,0,3,0,0,3,60,0,3,0,0,0,0,0.0,0,0,0,0.0,0,0,0.0,3,8,4,44,1
15,2022-08-21,Gloves - SP - Cerebro - Broad,Cerebro - Broad,pressure glove,broad,0,2,1.36,0,0,2,0,0,2,40,0,2,0,0,1,16,0.79,0,0,0,0.0,0,0,0.0,2,9,0,61,0
16,2022-08-21,Gloves - SP - Cerebro - Broad,Cerebro - Broad,swelling reducer for hands,broad,0,1,0.14,0,0,1,0,0,1,20,0,1,0,0,0,1,0.0,0,0,0,0.0,0,0,0.0,4,9,0,73,0
17,2022-08-21,Gloves - SP - Cerebro - Exact,gloves,thumb compression sleeve,exact,0,1,0.39,0,0,1,0,0,1,20,0,0,0,0,0,1,0.0,0,0,0,0.0,0,0,0.0,3,10,18,78,1
18,2022-08-21,Gloves - SP - Cerebro - Phrase,Cerebro - Phrase,compression glove,phrase,0,3,1.41,0,0,3,0,0,3,75,0,3,0,0,1,28,0.64,0,0,0,0.0,0,0,0.0,2,11,1,17,2
19,2022-08-21,Gloves - SP - Exact - Brand Defense Keywords - GS,Gloves - SP - Exact - Brand Defense Keywords - GS,fititude,phrase,0,1,8.15,0,0,1,0,0,1,45,0,0,0,0,0,1,0.0,0,0,0,0.0,0,0,0.0,1,12,5,38,2
20,2022-08-21,Gloves - SP - Exact - Brand Defense Keywords - GS,Gloves - SP - Exact - Brand Defense Keywords - GS,fititude compression gloves,exact,0,1,6.83,0,0,1,0,0,1,45,0,0,0,0,1,2,9.56,0,0,0,0.0,0,0,0.0,3,12,5,39,1
21,2022-08-21,Gloves - SP - Exact - Brand Defense Keywords - GS,Gloves - SP - Exact - Brand Defense Keywords - GS,fititude infused copper pair of compression gloves,exact,0,1,4.9,0,0,1,0,0,1,45,0,0,0,0,0,7,0.0,0,0,0,0.0,0,0,0.0,7,12,5,41,1
22,2022-08-21,Gloves - SP - KW - MIX - Discovery,gloves,arthritis gloves for women for pain,exact,0,3,0.81,0,0,3,0,0,3,105,0,0,0,0,0,7,0.0,0,0,0,0.0,0,0,0.0,6,13,18,11,1
23,2022-08-21,Gloves - SP - Top Keywords,Top Keywords,gloves for swelling,exact,0,2,0.8,0,0,2,0,0,2,60,0,2,0,0,0,1,0.0,0,0,0,0.0,0,0,0.0,3,14,12,46,1
24,2022-08-21,Gloves - SP - Top Keywords,Top Keywords,gloves for swelling,phrase,0,1,0.62,0,0,1,0,0,1,30,0,1,0,0,0,10,0.0,0,0,0,0.0,0,0,0.0,3,14,12,46,2
25,2022-08-21,Gloves - SP - manual,exact,thumb arthritis compression gloves,exact,0,3,0.5700000000000001,0,0,3,0,0,3,300,0,3,0,0,2,34,1.42,0,0,0,0.0,0,0,0.0,4,15,17,77,1
26,2022-08-28,Brace - SP - BBM,bbm,+copper +brace,broad,0,6,3.5999999999999996,0,0,6,0,0,6,180,0,6,0,0,0,65,0.0,0,0,0,0.0,0,0,0.0,2,0,14,0,0
27,2022-08-28,Brace - SP - BBM,bbm,+tendonitis +wrist,broad,0,1,0.66,0,0,1,0,0,1,30,0,1,0,0,0,37,0.0,0,0,0,0.0,0,0,0.0,2,0,14,3,0
28,2022-08-28,Brace - SP - Broad - Generic - GS,Generic Keywords,sport wrist brace,broad,0,5,4.0,0,0,5,0,0,5,100,0,5,0,0,0,100,0.0,0,0,0,0.0,0,0,0.0,3,1,2,68,0
29,2022-08-28,Brace - SP - Broad - Generic - GS,Generic Keywords,wrist brace typing,broad,0,2,0.46,0,0,2,0,0,2,40,0,2,0,0,0,2,0.0,0,0,0,0.0,0,0,0.0,3,1,2,84,0
30,2022-08-28,Brace - SP - Broad - Injury KW - GS,Injury,wrist injury,broad,0,2,0.34,0,0,2,0,0,2,50,0,0,0,0,0,15,0.0,0,0,0,0.0,0,0,0.0,2,2,6,90,0
31,2022-08-28,Brace - SP - Broad - Injury KW - GS,Injury,wrist injury brace,broad,0,3,0.9299999999999999,0,0,3,0,0,3,75,0,0,0,0,0,5,0.0,0,0,0,0.0,0,0,0.0,3,2,6,91,0
32,2022-08-28,Brace - SP - Broad - Injury KW - GS,Injury,wrist injury support,broad,0,2,0.62,0,0,2,0,0,2,50,0,0,0,0,0,4,0.0,0,0,0,0.0,0,0,0.0,3,2,6,93,0
33,2022-08-28,Brace - SP - Competitor manual,brace,night wrist brace,broad,0,6,1.56,0,0,6,0,0,6,120,0,0,0,0,0,11,0.0,0,0,0,0.0,0,0,0.0,3,3,15,59,0
34,2022-08-28,Brace - SP - Exact - Generic - GS,Left,left wrist brace,exact,0,2,0.6,0,0,2,0,0,2,40,0,0,0,0,0,8,0.0,0,0,0,0.0,0,0,0.0,3,4,7,54,1
35,2022-08-28,Brace - SP - Exact - Generic - GS,Left,left wrist brace women,exact,0,2,0.6,0,0,2,0,0,2,40,0,0,0,0,0,2,0.0,0,0,0,0.0,0,0,0.0,4,4,7,55,1
36,2022-08-28,Brace - SP - Exact - Generic - GS,Left,wrist brace left hand,exact,0,2,0.6,0,0,2,0,0,2,40,0,0,0,0,0,1,0.0,0,0,0,0.0,0,0,0.0,4,4,7,83,1
37,2022-08-28,Brace - SP - Exact - Generic - GS,Left,wrist stabilizer left hand,exact,0,1,0.3,0,0,1,0,0,1,20,0,0,0,0,0,11,0.0,0,0,0,0.0,0,0,0.0,4,4,7,97,1
38,2022-08-28,Brace - SP - Exact - Injury KW - GS,Sprains,wrist brace for sprained wrist,exact,0,7,3.5700000000000003,0,0,7,0,0,7,140,0,0,0,0,1,90,0.92,0,0,0,0.0,0,0,0.0,5,5,10,82,1
39,2022-08-28,Catch all grouped,brace,comfybrace,phrase,0,4,0.56,0,0,4,0,0,4,80,0,0,0,0,0,0,0.0,0,0,0,0.0,0,0,0.0,1,6,15,16,2
40,2022-08-28,Catch all grouped,brace,edema glove,phrase,0,3,0.30000000000000004,0,0,3,0,0,3,60,0,0,0,0,0,0,0.0,0,0,0,0.0,0,0,0.0,2,6,15,34,2
41,2022-08-28,Gloves  - Competitor Brand - Exact,Gloves  - Competitor Brand - Exact,ace gloves,broad,0,1,0.41,0,0,1,0,0,1,10,0,0,0,0,0,2,0.0,0,0,0,0.0,0,0,0.0,2,7,3,4,0
42,2022-08-28,Gloves  - Competitor Brand - Exact,Gloves  - Competitor Brand - Exact,copper compression,exact,0,1,0.4,0,0,1,0,0,1,10,0,0,0,0,0,0,0.0,0,0,0,0.0,0,0,0.0,2,7,3,25,1
43,2022-08-28,Gloves  - Competitor Brand - Exact,Gloves  - Competitor Brand - Exact,copper compression,phrase,0,3,1.23,0,0,3,0,0,3,30,0,0,0,0,0,3,0.0,0,0,0,0.0,0,0,0.0,2,7,3,25,2
44,2022-08-28,Gloves - SP - Cerebro - Amazons Choice - Exact,Gloves - SP - Cerebro - Amazons Choice - Exact,carpal tunnel gloves,exact,0,2,1.06,0,0,2,0,0,2,40,0,2,0,0,0,1,0.0,0,0,0,0.0,0,0,0.0,3,8,4,15,1
45,2022-08-28,Gloves - SP - Cerebro - Amazons Choice - Exact,Gloves - SP - Cerebro - Amazons Choice - Exact,gloves carpal tunnel,exact,0,3,0.99,0,0,3,0,0,3,60,0,3,0,0,0,0,0.0,0,0,0,0.0,0,0,0.0,3,8,4,44,1
46,2022-08-28,Gloves - SP - Cerebro - Broad,Cerebro - Broad,copper gloves men,broad,0,3,0.66,0,0,3,0,0,3,60,0,3,0,0,0,3,0.0,0,0,0,0.0,0,0,0.0,3,9,0,32,0
47,2022-08-28,Gloves - SP - Cerebro - Broad,Cerebro - Broad,pressure glove,broad,0,4,2.72,0,0,4,0,0,4,80,0,4,0,0,0,26,0.0,0,0,0,0.0,0,0,0.0,2,9,0,61,0
48,2022-08-28,Gloves - SP - Cerebro - Exact,gloves,gaming gloves,exact,0,1,0.15,0,0,1,0,0,1,20,0,0,0,0,0,1,0.0,0,0,0,0.0,0,0,0.0,2,10,18,42,1
49,2022-08-28,Gloves - SP - Cerebro - Phrase,Cerebro - Phrase,compression glove,phrase,0,7,3.29,0,0,7,0,0,7,175,0,7,0,0,2,75,1.26,0,0,0,0.0,0,0,0.0,2,11,1,17,2
50,2022-08-28,Gloves - SP - Exact - Brand Defense Keywords - GS,Gloves - SP - Exact - Brand Defense Keywords - GS,fititude,phrase,0,3,24.450000000000003,0,0,3,0,0,3,135,0,0,0,0,1,7,0.73,1,1,1,15.94,0,1,15.94,1,12,5,38,2
51,2022-08-28,Gloves - SP - Exact - Brand Defense Keywords - GS,Gloves - SP - Exact - Brand Defense Keywords - GS,fititude compression gloves,exact,0,1,6.83,0,0,1,0,0,1,45,0,0,0,0,0,0,0.0,0,0,0,0.0,0,0,0.0,3,12,5,39,1
52,2022-08-28,Gloves - SP - Exact - Brand Defense Keywords - GS,Gloves - SP - Exact - Brand Defense Keywords - GS,fititude infused copper pair of compression gloves,exact,0,2,9.8,0,0,2,0,0,2,90,0,0,0,0,1,4,1.89,1,1,1,15.94,0,1,15.94,7,12,5,41,1
53,2022-08-28,Gloves - SP - KW - MIX - Discovery,gloves,arthritis gloves for women for pain,exact,0,6,1.62,0,0,6,0,0,6,210,0,0,0,0,0,16,0.0,0,0,0,0.0,0,0,0.0,6,13,18,11,1
54,2022-08-28,Gloves - SP - KW - MIX - Discovery,gloves,compression glove,broad,0,1,0.35,0,0,1,0,0,1,35,0,0,0,0,0,122,0.0,0,0,0,0.0,0,0,0.0,2,13,18,17,0
55,2022-08-28,Gloves - SP - Top Keywords,Top Keywords,gloves for swelling,exact,0,4,1.6,0,0,4,0,0,4,120,0,4,0,0,1,10,1.08,0,0,0,0.0,0,0,0.0,3,14,12,46,1
56,2022-08-28,Gloves - SP - Top Keywords,Top Keywords,gloves for swelling,phrase,0,1,0.62,0,0,1,0,0,1,30,0,1,0,0,0,15,0.0,0,0,0,0.0,0,0,0.0,3,14,12,46,2
57,2022-08-28,Gloves - SP - Top Keywords,Top Keywords,mens copper gloves,phrase,0,2,0.84,0,0,2,0,0,2,60,0,2,0,0,0,0,0.0,0,0,0,0.0,0,0,0.0,3,14,12,57,2
58,2022-08-28,Gloves - SP - manual,exact,thumb arthritis compression gloves,exact,0,7,1.33,0,0,7,0,0,7,700,0,7,0,0,0,92,0.0,0,0,0,0.0,0,0,0.0,4,15,17,77,1
59,2022-09-04,Brace - SP - BBM,bbm,+tendonitis +wrist,broad,0,7,4.62,0,0,7,0,0,7,210,0,7,0,0,1,416,1.0,0,0,0,0.0,0,0,0.0,2,0,14,3,0
60,2022-09-04,Brace - SP - Broad - Generic - GS,Generic Keywords,sport wrist brace,broad,0,4,3.2,0,0,4,0,0,4,80,0,4,0,0,1,64,0.7,1,1,1,15.94,0,1,15.94,3,1,2,68,0
61,2022-09-04,Brace - SP - Broad - Generic - GS,Generic Keywords,wrist brace typing,broad,0,3,0.6900000000000001,0,0,3,0,0,3,60,0,3,0,0,0,3,0.0,0,0,0,0.0,0,0,0.0,3,1,2,84,0
62,2022-09-04,Brace - SP - Broad - Injury KW - GS,Injury,wrist injury,broad,0,3,0.51,0,0,3,0,0,3,75,0,0,0,0,1,62,0.75,0,0,0,0.0,0,0,0.0,2,2,6,90,0
63,2022-09-04,Brace - SP - Broad - Injury KW - GS,Injury,wrist injury brace,broad,0,3,0.9299999999999999,0,0,3,0,0,3,75,0,0,0,0,0,3,0.0,0,0,0,0.0,0,0,0.0,3,2,6,91,0
64,2022-09-04,Brace - SP - Broad - Injury KW - GS,Injury,wrist injury support,broad,0,1,0.31,0,0,1,0,0,1,25,0,0,0,0,0,0,0.0,0,0,0,0.0,0,0,0.0,3,2,6,93,0
65,2022-09-04,Brace - SP - Competitor manual,brace,night wrist brace,broad,0,5,1.3,0,0,5,0,0,5,100,0,0,0,0,0,24,0.0,0,0,0,0.0,0,0,0.0,3,3,15,59,0
66,2022-09-04,Brace - SP - Competitor manual,brace,night wrist brace,phrase,0,1,0.34,0,0,1,0,0,1,20,0,0,0,0,0,1,0.0,0,0,0,0.0,0,0,0.0,3,3,15,59,2
67,2022-09-04,Brace - SP - Competitor manual,brace,night wrist support,broad,0,1,0.26,0,0,1,0,0,1,20,0,0,0,0,0,0,0.0,0,0,0,0.0,0,0,0.0,3,3,15,60,0
68,2022-09-04,Brace - SP - Exact - Generic - GS,Left,left wrist brace women,exact,0,1,0.3,0,0,1,0,0,1,20,0,0,0,0,0,2,0.0,0,0,0,0.0,0,0,0.0,4,4,7,55,1
69,2022-09-04,Brace - SP - Exact - Injury KW - GS,Sprains,sprained wrist brace for men,exact,0,1,0.51,0,0,1,0,0,1,20,0,0,0,0,0,0,0.0,0,0,0,0.0,0,0,0.0,5,5,10,70,1
70,2022-09-04,Brace - SP - Exact - Injury KW - GS,Sprains,sprained wrist brace for women,exact,0,2,1.02,0,0,2,0,0,2,40,0,0,0,0,0,0,0.0,0,0,0,0.0,0,0,0.0,5,5,10,71,1
71,2022-09-04,Brace - SP - Exact - Injury KW - GS,Sprains,sprained wrist brace left,exact,0,2,1.02,0,0,2,0,0,2,40,0,0,0,0,0,0,0.0,0,0,0,0.0,0,0,0.0,4,5,10,72,1
72,2022-09-04,Brace - SP - Exact - Injury KW - GS,Sprains,wrist brace for sprained wrist,exact,0,2,1.02,0,0,2,0,0,2,40,0,0,0,0,2,43,1.84,0,1,1,15.94,0,1,15.94,5,5,10,82,1
73,2022-09-04,Catch all grouped,brace,canilleras para manos,phrase,0,2,0.2,0,0,2,0,0,2,40,0,0,0,0,0,2,0.0,0,0,0,0.0,0,0,0.0,3,6,15,14,2
74,2022-09-04,Catch all grouped,brace,edema glove,broad,0,1,0.1,0,0,1,0,0,1,20,0,0,0,0,0,0,0.0,0,0,0,0.0,0,0,0.0,2,6,15,34,0
75,2022-09-04,Catch all grouped,brace,edema glove,phrase,0,4,0.4,0,0,4,0,0,4,80,0,0,0,0,0,6,0.0,0,0,0,0.0,0,0,0.0,2,6,15,34,2
76,2022-09-04,Gloves  - Competitor Brand - Exact,Gloves  - Competitor Brand - Exact,copper compression,phrase,0,4,1.64,0,0,4,0,0,4,40,0,0,0,0,0,2,0.0,0,0,0,0.0,0,0,0.0,2,7,3,25,2
77,2022-09-04,Gloves  - Competitor Brand - Exact,Gloves  - Competitor Brand - Exact,copper fit gloves,exact,0,1,0.18,0,0,1,0,0,1,10,0,0,0,0,0,0,0.0,0,0,0,0.0,0,0,0.0,3,7,3,28,1
78,2022-09-04,Gloves - SP - Cerebro - Amazons Choice - Exact,Gloves - SP - Cerebro - Amazons Choice - Exact,gloves carpal tunnel,exact,0,7,2.31,0,0,7,0,0,7,140,0,7,0,0,0,1,0.0,0,0,0,0.0,0,0,0.0,3,8,4,44,1
79,2022-09-04,Gloves - SP - Cerebro - Broad,Cerebro - Broad,copper gloves men,broad,0,5,1.1,0,0,5,0,0,5,100,0,5,0,0,0,1,0.0,0,0,0,0.0,0,0,0.0,3,9,0,32,0
80,2022-09-04,Gloves - SP - Cerebro - Broad,Cerebro - Broad,swelling reducer for hands,broad,0,2,0.28,0,0,2,0,0,2,40,0,2,0,0,0,3,0.0,0,0,0,0.0,0,0,0.0,4,9,0,73,0
81,2022-09-04,Gloves - SP - Cerebro - Exact,gloves,gaming gloves,exact,0,3,0.44999999999999996,0,0,3,0,0,3,60,0,0,0,0,0,5,0.0,0,0,0,0.0,0,0,0.0,2,10,18,42,1
82,2022-09-04,Gloves - SP - Cerebro - Exact,gloves,swelling reducer for hands,exact,0,1,0.26,0,0,1,0,0,1,20,0,0,0,0,0,1,0.0,0,0,0,0.0,0,0,0.0,4,10,18,73,1
83,2022-09-04,Gloves - SP - Cerebro - Phrase,Cerebro - Phrase,compression glove,phrase,0,6,2.82,0,0,6,0,0,6,150,0,6,0,0,1,56,0.61,1,1,1,15.94,0,1,15.94,2,11,1,17,2
84,2022-09-04,Gloves - SP - Cerebro - Phrase,Cerebro - Phrase,swelling reducer for hands,phrase,0,1,0.15,0,0,1,0,0,1,25,0,1,0,0,0,3,0.0,0,0,0,0.0,0,0,0.0,4,11,1,73,2
85,2022-09-04,Gloves - SP - Exact - Brand Defense Keywords - GS,Gloves - SP - Exact - Brand Defense Keywords - GS,fititude,exact,0,1,8.15,0,0,1,0,0,1,45,0,0,0,0,0,6,0.0,0,0,0,0.0,0,0,0.0,1,12,5,38,1
86,2022-09-04,Gloves - SP - Exact - Brand Defense Keywords - GS,Gloves - SP - Exact - Brand Defense Keywords - GS,fititude compression gloves,exact,0,2,13.66,0,0,2,0,0,2,90,0,0,0,0,0,2,0.0,0,0,0,0.0,0,0,0.0,3,12,5,39,1
87,2022-09-04,Gloves - SP - Exact - Brand Defense Keywords - GS,Gloves - SP - Exact - Brand Defense Keywords - GS,fititude gloves,exact,0,3,20.4,0,0,3,0,0,3,135,0,0,0,0,5,11,6.43,2,2,2,31.88,0,2,31.88,2,12,5,40,1
88,2022-09-04,Gloves - SP - KW - MIX - Discovery,gloves,arthritis gloves for women for pain,exact,0,6,1.62,0,0,6,0,0,6,210,0,0,0,0,0,19,0.0,0,0,0,0.0,0,0,0.0,6,13,18,11,1
89,2022-09-04,Gloves - SP - KW - MIX - Discovery,gloves,compression glove,broad,0,1,0.35,0,0,1,0,0,1,35,0,0,0,0,2,175,1.38,0,0,1,15.94,0,1,15.94,2,13,18,17,0
90,2022-09-04,Gloves - SP - Top Keywords,Top Keywords,gloves for swelling,exact,0,7,2.8000000000000003,0,0,7,0,0,7,210,0,7,0,0,0,29,0.0,0,0,0,0.0,0,0,0.0,3,14,12,46,1
91,2022-09-04,Gloves - SP - manual,exact,thumb arthritis compression gloves,exact,0,7,1.33,0,0,7,0,0,7,700,0,7,0,0,2,64,1.42,0,0,0,0.0,0,0,0.0,4,15,17,77,1
92,2022-09-11,Brace - SP - BBM,bbm,+tendonitis +wrist,broad,0,7,4.62,0,0,7,0,0,7,210,0,7,0,0,0,557,0.0,0,0,0,0.0,0,0,0.0,2,0,14,3,0
93,2022-09-11,Brace - SP - Broad - Generic - GS,Generic Keywords,sport wrist brace,broad,0,4,3.2,0,0,4,0,0,4,80,0,4,0,0,1,68,0.7,1,1,1,15.94,0,1,15.94,3,1,2,68,0
94,2022-09-11,Brace - SP - Broad - Generic - GS,Generic Keywords,wrist brace typing,broad,0,1,0.23,0,0,1,0,0,1,20,0,1,0,0,0,1,0.0,0,0,0,0.0,0,0,0.0,3,1,2,84,0
95,2022-09-11,Brace - SP - Broad - Generic - GS,Generic Keywords,wrist relief for pain,broad,0,2,0.46,0,0,2,0,0,2,40,0,2,0,0,0,1,0.0,0,0,0,0.0,0,0,0.0,4,1,2,96,0
96,2022-09-11,Brace - SP - Broad - Injury KW - GS,Injury,wrist injury,broad,0,2,0.34,0,0,2,0,0,2,50,0,0,0,0,0,3,0.0,0,0,0,0.0,0,0,0.0,2,2,6,90,0
97,2022-09-11,Brace - SP - Broad - Injury KW - GS,Injury,wrist injury brace,broad,0,3,0.9299999999999999,0,0,3,0,0,3,75,0,0,0,0,0,2,0.0,0,0,0,0.0,0,0,0.0,3,2,6,91,0
98,2022-09-11,Brace - SP - Broad - Injury KW - GS,Injury,wrist injury support,broad,0,1,0.31,0,0,1,0,0,1,25,0,0,0,0,0,0,0.0,0,0,0,0.0,0,0,0.0,3,2,6,93,0
99,2022-09-11,Brace - SP - Broad - Injury KW - GS,Injury,wrist injury support brace,broad,0,1,0.31,0,0,1,0,0,1,25,0,0,0,0,1,6,0.75,0,0,0,0.0,0,0,0.0,4,2,6,94,0
100,2022-09-11,Brace - SP - Competitor manual,brace,night wrist brace,broad,0,4,1.04,0,0,4,0,0,4,80,0,0,0,0,0,2,0.0,0,0,0,0.0,0,0,0.0,3,3,15,59,0
101,2022-09-11,Brace - SP - Exact - Injury KW - GS,Sprains,sprained wrist brace for women,exact,0,2,1.02,0,0,2,0,0,2,40,0,0,0,0,0,0,0.0,0,0,0,0.0,0,0,0.0,5,5,10,71,1
102,2022-09-11,Brace - SP - Exact - Injury KW - GS,Sprains,sprained wrist brace left,exact,0,3,1.53,0,0,3,0,0,3,60,0,0,0,0,0,1,0.0,0,0,0,0.0,0,0,0.0,4,5,10,72,1
103,2022-09-11,Brace - SP - Exact - Injury KW - GS,Sprains,wrist brace for sprained wrist,exact,0,1,0.51,0,0,1,0,0,1,20,0,0,0,0,0,5,0.0,0,0,0,0.0,0,0,0.0,5,5,10,82,1
104,2022-09-11,Brace - SP - Exact - Injury KW - GS,Tendinitis,wrist wraps tendonitis,exact,0,1,0.33,0,0,1,0,0,1,20,0,0,0,0,0,14,0.0,0,0,0,0.0,0,0,0.0,3,5,11,101,1
105,2022-09-11,Catch all grouped,brace,edema glove,broad,0,1,0.1,0,0,1,0,0,1,20,0,0,0,0,0,0,0.0,0,0,0,0.0,0,0,0.0,2,6,15,34,0
106,2022-09-11,Catch all grouped,brace,edema glove,phrase,0,4,0.4,0,0,4,0,0,4,80,0,0,0,0,0,1,0.0,0,0,0,0.0,0,0,0.0,2,6,15,34,2
107,2022-09-11,Catch all grouped,brace,wrist copper,broad,0,1,0.1,0,0,1,0,0,1,20,0,0,0,0,0,1,0.0,0,0,0,0.0,0,0,0.0,2,6,15,87,0
108,2022-09-11,Catch all grouped,gloves,emf gloves,phrase,0,1,0.1,0,0,1,0,0,1,20,0,0,0,0,0,1,0.0,0,0,0,0.0,0,0,0.0,2,6,18,36,2
109,2022-09-11,Gloves  - Competitor Brand - Exact,Gloves  - Competitor Brand - Exact,copper compression,phrase,0,6,2.46,0,0,6,0,0,6,60,0,0,0,0,0,9,0.0,0,0,0,0.0,0,0,0.0,2,7,3,25,2
110,2022-09-11,Gloves - SP - Cerebro - Amazons Choice - Exact,Gloves - SP - Cerebro - Amazons Choice - Exact,carpal tunnel gloves,exact,0,1,0.53,0,0,1,0,0,1,20,0,1,0,0,0,1,0.0,0,0,0,0.0,0,0,0.0,3,8,4,15,1
111,2022-09-11,Gloves - SP - Cerebro - Amazons Choice - Exact,Gloves - SP - Cerebro - Amazons Choice - Exact,gloves carpal tunnel,exact,0,4,1.32,0,0,4,0,0,4,80,0,4,0,0,0,1,0.0,0,0,0,0.0,0,0,0.0,3,8,4,44,1
112,2022-09-11,Gloves - SP - Cerebro - Broad,Cerebro - Broad,copper gloves men,broad,0,6,1.32,0,0,6,0,0,6,120,0,6,0,0,1,6,0.4,0,0,0,0.0,0,0,0.0,3,9,0,32,0
113,2022-09-11,Gloves - SP - Cerebro - Broad,Cerebro - Broad,swelling reducer for hands,broad,0,1,0.14,0,0,1,0,0,1,20,0,1,0,0,0,1,0.0,0,0,0,0.0,0,0,0.0,4,9,0,73,0
114,2022-09-11,Gloves - SP - Cerebro - Exact,gloves,swelling reducer for hands,exact,0,1,0.26,0,0,1,0,0,1,20,0,0,0,0,0,1,0.0,0,0,0,0.0,0,0,0.0,4,10,18,73,1
115,2022-09-11,Gloves - SP - Cerebro - Phrase,Cerebro - Phrase,compression glove,phrase,0,6,2.82,0,0,6,0,0,6,150,0,6,0,0,2,66,1.28,0,0,0,0.0,0,0,0.0,2,11,1,17,2
116,2022-09-11,Gloves - SP - Cerebro - Phrase,Cerebro - Phrase,swelling reducer for hands,phrase,0,1,0.15,0,0,1,0,0,1,25,0,1,0,0,0,1,0.0,0,0,0,0.0,0,0,0.0,4,11,1,73,2
117,2022-09-11,Gloves - SP - Exact - Brand Defense Keywords - GS,Gloves - SP - Exact - Brand Defense Keywords - GS,fititude,exact,0,1,8.15,0,0,1,0,0,1,45,0,0,0,0,0,4,0.0,0,0,0,0.0,0,0,0.0,1,12,5,38,1
118,2022-09-11,Gloves - SP - Exact - Brand Defense Keywords - GS,Gloves - SP - Exact - Brand Defense Keywords - GS,fititude compression gloves,exact,0,1,6.83,0,0,1,0,0,1,45,0,0,0,0,0,2,0.0,0,0,0,0.0,0,0,0.0,3,12,5,39,1
119,2022-09-11,Gloves - SP - Exact - Brand Defense Keywords - GS,Gloves - SP - Exact - Brand Defense Keywords - GS,fititude gloves,exact,0,1,6.8,0,0,1,0,0,1,45,0,0,0,0,1,1,0.83,0,0,0,0.0,0,0,0.0,2,12,5,40,1
120,2022-09-11,Gloves - SP - Exact - Brand Defense Keywords - GS,Gloves - SP - Exact - Brand Defense Keywords - GS,fititude infused copper pair of compression gloves,exact,0,4,19.6,0,0,4,0,0,4,180,0,0,0,0,0,5,0.0,0,0,0,0.0,0,0,0.0,7,12,5,41,1
121,2022-09-11,Gloves - SP - KW - MIX - Discovery,gloves,arthritis gloves for women for pain,exact,0,6,1.62,0,0,6,0,0,6,210,0,0,0,0,0,11,0.0,0,0,0,0.0,0,0,0.0,6,13,18,11,1
122,2022-09-11,Gloves - SP - KW - MIX - Discovery,gloves,compression glove,broad,0,1,0.35,0,0,1,0,0,1,35,0,0,0,0,0,115,0.0,0,0,0,0.0,0,0,0.0,2,13,18,17,0
123,2022-09-11,Gloves - SP - Top Keywords,Top Keywords,gloves for swelling,exact,0,7,2.8000000000000003,0,0,7,0,0,7,210,0,7,0,0,0,10,0.0,0,0,0,0.0,0,0,0.0,3,14,12,46,1
124,2022-09-11,Gloves - SP - manual,exact,thumb arthritis compression gloves,exact,0,7,1.33,0,0,7,0,0,7,700,0,7,0,0,1,29,0.71,0,0,0,0.0,0,0,0.0,4,15,17,77,1
125,2022-09-18,Brace - SP - BBM,bbm,+tendonitis +wrist,broad,0,7,4.62,0,0,7,0,0,7,210,0,7,0,0,1,952,1.04,0,0,0,0.0,0,0,0.0,2,0,14,3,0
126,2022-09-18,Brace - SP - Broad - Generic - GS,Generic Keywords,gaming wrist brace,broad,0,1,0.31,0,0,1,0,0,1,20,0,1,0,0,0,0,0.0,0,0,0,0.0,0,0,0.0,3,1,2,43,0
127,2022-09-18,Brace - SP - Broad - Generic - GS,Generic Keywords,medical wrist brace,broad,0,2,1.6,0,0,2,0,0,2,40,0,2,0,0,0,17,0.0,0,0,0,0.0,0,0,0.0,3,1,2,56,0
128,2022-09-18,Brace - SP - Broad - Generic - GS,Generic Keywords,wrist brace typing,broad,0,1,0.23,0,0,1,0,0,1,20,0,1,0,0,0,9,0.0,0,0,0,0.0,0,0,0.0,3,1,2,84,0
129,2022-09-18,Brace - SP - Broad - Generic - GS,Generic Keywords,wrist wrap injury,broad,0,3,0.6900000000000001,0,0,3,0,0,3,60,0,3,0,0,0,3,0.0,0,0,0,0.0,0,0,0.0,3,1,2,100,0
130,2022-09-18,Brace - SP - Broad - Injury KW - GS,Injury,wrist injury,broad,0,2,0.34,0,0,2,0,0,2,50,0,0,0,0,0,10,0.0,0,0,0,0.0,0,0,0.0,2,2,6,90,0
131,2022-09-18,Brace - SP - Broad - Injury KW - GS,Injury,wrist injury brace,broad,0,2,0.62,0,0,2,0,0,2,50,0,0,0,0,0,3,0.0,0,0,0,0.0,0,0,0.0,3,2,6,91,0
132,2022-09-18,Brace - SP - Broad - Injury KW - GS,Injury,wrist injury support,broad,0,2,0.62,0,0,2,0,0,2,50,0,0,0,0,0,2,0.0,0,0,0,0.0,0,0,0.0,3,2,6,93,0
133,2022-09-18,Brace - SP - Broad - Injury KW - GS,Injury,wrist injury therapy,broad,0,1,0.31,0,0,1,0,0,1,25,0,0,0,0,0,2,0.0,0,0,0,0.0,0,0,0.0,3,2,6,95,0
134,2022-09-18,Brace - SP - Competitor manual,brace,night wrist brace,broad,0,3,0.78,0,0,3,0,0,3,60,0,0,0,0,0,2,0.0,0,0,0,0.0,0,0,0.0,3,3,15,59,0
135,2022-09-18,Brace - SP - Competitor manual,brace,night wrist brace,phrase,0,1,0.34,0,0,1,0,0,1,20,0,0,0,0,0,1,0.0,0,0,0,0.0,0,0,0.0,3,3,15,59,2
136,2022-09-18,Brace - SP - Exact - Injury KW - GS,Pain,hand pain relief,exact,0,1,0.33,0,0,1,0,0,1,20,0,0,0,0,0,2,0.0,0,0,0,0.0,0,0,0.0,3,5,8,49,1
137,2022-09-18,Brace - SP - Exact - Injury KW - GS,Pain,wrist bandage pain,exact,0,1,0.51,0,0,1,0,0,1,20,0,0,0,0,0,0,0.0,0,0,0,0.0,0,0,0.0,3,5,8,81,1
138,2022-09-18,Brace - SP - Exact - Injury KW - GS,Sprains,sprained wrist brace,exact,0,1,0.51,0,0,1,0,0,1,20,0,0,0,0,0,5,0.0,0,0,0,0.0,0,0,0.0,3,5,10,69,1
139,2022-09-18,Brace - SP - Exact - Injury KW - GS,Sprains,wrist brace for sprained wrist,exact,0,4,2.04,0,0,4,0,0,4,80,0,0,0,0,0,6,0.0,0,0,0,0.0,0,0,0.0,5,5,10,82,1
140,2022-09-18,Catch all grouped,brace,edema glove,phrase,0,3,0.30000000000000004,0,0,3,0,0,3,60,0,0,0,0,0,1,0.0,0,0,0,0.0,0,0,0.0,2,6,15,34,2
141,2022-09-18,Catch all grouped,brace,wrist copper,broad,0,4,0.4,0,0,4,0,0,4,80,0,0,0,0,0,2,0.0,0,0,0,0.0,0,0,0.0,2,6,15,87,0
142,2022-09-18,Gloves  - Competitor Brand - Exact,Gloves  - Competitor Brand - Exact,ace gloves,phrase,0,1,0.41,0,0,1,0,0,1,10,0,0,0,0,0,4,0.0,0,0,0,0.0,0,0,0.0,2,7,3,4,2
143,2022-09-18,Gloves  - Competitor Brand - Exact,Gloves  - Competitor Brand - Exact,copper compression,exact,0,1,0.4,0,0,1,0,0,1,10,0,0,0,0,0,0,0.0,0,0,0,0.0,0,0,0.0,2,7,3,25,1
144,2022-09-18,Gloves  - Competitor Brand - Exact,Gloves  - Competitor Brand - Exact,copper compression,phrase,0,5,2.05,0,0,5,0,0,5,50,0,0,0,0,0,7,0.0,0,0,0,0.0,0,0,0.0,2,7,3,25,2
145,2022-09-18,Gloves - SP - Cerebro - Amazons Choice - Exact,Gloves - SP - Cerebro - Amazons Choice - Exact,gloves carpal tunnel,exact,0,5,1.6500000000000001,0,0,5,0,0,5,100,0,5,0,0,0,0,0.0,0,0,0,0.0,0,0,0.0,3,8,4,44,1
146,2022-09-18,Gloves - SP - Cerebro - Amazons Choice - Exact,Gloves - SP - Cerebro - Amazons Choice - Exact,sewing gloves,exact,0,1,0.4,0,0,1,0,0,1,20,0,1,0,0,0,1,0.0,0,0,0,0.0,0,0,0.0,2,8,4,65,1
147,2022-09-18,Gloves - SP - Cerebro - Broad,Cerebro - Broad,copper gloves men,broad,0,3,0.66,0,0,3,0,0,3,60,0,3,0,0,0,5,0.0,0,0,0,0.0,0,0,0.0,3,9,0,32,0
148,2022-09-18,Gloves - SP - Cerebro - Broad,Cerebro - Broad,pressure glove,broad,0,3,2.04,0,0,3,0,0,3,60,0,3,0,0,2,52,0.96,0,0,0,0.0,0,0,0.0,2,9,0,61,0
149,2022-09-18,Gloves - SP - Cerebro - Broad,Cerebro - Broad,swelling reducer for hands,broad,0,1,0.14,0,0,1,0,0,1,20,0,1,0,0,0,2,0.0,0,0,0,0.0,0,0,0.0,4,9,0,73,0
150,2022-09-18,Gloves - SP - Cerebro - Exact,gloves,gaming gloves,exact,0,2,0.3,0,0,2,0,0,2,40,0,0,0,0,0,1,0.0,0,0,0,0.0,0,0,0.0,2,10,18,42,1
151,2022-09-18,Gloves - SP - Cerebro - Exact,gloves,thumb compression sleeve,exact,0,1,0.39,0,0,1,0,0,1,20,0,0,0,0,0,4,0.0,0,0,0,0.0,0,0,0.0,3,10,18,78,1
152,2022-09-18,Gloves - SP - Cerebro - Phrase,Cerebro - Phrase,compression glove,phrase,0,4,1.88,0,0,4,0,0,4,100,0,4,0,0,0,8,0.0,0,0,0,0.0,0,0,0.0,2,11,1,17,2
153,2022-09-18,Gloves - SP - Cerebro - Phrase,Cerebro - Phrase,copper glove,phrase,0,3,2.4000000000000004,0,0,3,0,0,3,75,0,3,0,0,3,1054,2.74,0,0,0,0.0,0,0,0.0,2,11,1,30,2
154,2022-09-18,Gloves - SP - Exact - Brand Defense Keywords - GS,Gloves - SP - Exact - Brand Defense Keywords - GS,fititude compression gloves,exact,0,1,6.83,0,0,1,0,0,1,45,0,0,0,0,0,0,0.0,0,0,0,0.0,0,0,0.0,3,12,5,39,1
155,2022-09-18,Gloves - SP - Exact - Brand Defense Keywords - GS,Gloves - SP - Exact - Brand Defense Keywords - GS,fititude gloves,exact,0,2,13.6,0,0,2,0,0,2,90,0,0,0,0,1,2,2.5,1,1,1,15.94,0,1,15.94,2,12,5,40,1
156,2022-09-18,Gloves - SP - Exact - Brand Defense Keywords - GS,Gloves - SP - Exact - Brand Defense Keywords - GS,fititude infused copper pair of compression gloves,exact,0,4,19.6,0,0,4,0,0,4,180,0,0,0,0,0,14,0.0,0,0,0,0.0,0,0,0.0,7,12,5,41,1
157,2022-09-18,Gloves - SP - KW - MIX - Discovery,gloves,arthritis gloves for women for pain,exact,0,7,1.8900000000000001,0,0,7,0,0,7,245,0,0,0,0,1,51,0.46,0,0,0,0.0,0,0,0.0,6,13,18,11,1
158,2022-09-18,Gloves - SP - Top Keywords,Top Keywords,gloves for swelling,exact,0,4,1.6,0,0,4,0,0,4,120,0,4,0,0,0,2,0.0,0,0,0,0.0,0,0,0.0,3,14,12,46,1
159,2022-09-18,Gloves - SP - Top Keywords,Top Keywords,gloves for swelling,phrase,0,1,0.62,0,0,1,0,0,1,30,0,1,0,0,1,19,1.1,1,1,1,15.94,0,1,15.94,3,14,12,46,2
160,2022-09-18,Gloves - SP - Top Keywords,Top Keywords,hand support glove pain,phrase,0,2,0.52,0,0,2,0,0,2,60,0,2,0,0,0,3,0.0,0,0,0,0.0,0,0,0.0,4,14,12,50,2
161,2022-09-18,Gloves - SP - manual,broad,copper hands,broad,0,2,1.02,0,0,2,0,0,2,200,0,2,0,0,1,18,0.26,0,0,0,0.0,0,0,0.0,2,15,16,33,0
162,2022-09-18,Gloves - SP - manual,exact,finger support arthritis,exact,0,2,1.16,0,0,2,0,0,2,200,0,2,0,0,0,1,0.0,0,0,0,0.0,0,0,0.0,3,15,17,37,1
163,2022-09-18,Gloves - SP - manual,exact,thumb arthritis compression gloves,exact,0,3,0.5700000000000001,0,0,3,0,0,3,300,0,3,0,0,0,3,0.0,0,0,0,0.0,0,0,0.0,4,15,17,77,1
164,2022-09-18,Wallet - SP - Broad - Generic - GS,Wallet - SP - Broad - Generic - GS,rfid wallet,broad,0,1,0.8,0,0,1,0,0,1,20,0,0,0,0,0,2,0.0,0,0,0,0.0,0,0,0.0,2,16,13,62,0
165,2022-09-18,Wallet - SP - Broad - Generic - GS,Wallet - SP - Broad - Generic - GS,slim wallets for men,broad,0,1,0.5,0,0,1,0,0,1,20,0,0,0,0,0,2,0.0,0,0,0,0.0,0,0,0.0,4,16,13,66,0
166,2022-09-18,Wallet - SP - Broad - Generic - GS,Wallet - SP - Broad - Generic - GS,wallet rfid blocking,broad,0,2,1.6,0,0,2,0,0,2,40,0,0,0,0,0,1,0.0,0,0,0,0.0,0,0,0.0,3,16,13,80,0
167,2022-09-25,Brace - SP - BBM,bbm,+tendonitis +wrist,broad,0,7,4.62,0,0,7,0,0,7,210,0,7,0,0,4,1716,4.03,0,0,0,0.0,0,0,0.0,2,0,14,3,0
168,2022-09-25,Brace - SP - Broad - Generic - GS,Generic Keywords,gaming wrist brace,broad,0,1,0.31,0,0,1,0,0,1,20,0,1,0,0,0,0,0.0,0,0,0,0.0,0,0,0.0,3,1,2,43,0
169,2022-09-25,Brace - SP - Broad - Generic - GS,Generic Keywords,medical wrist brace,broad,0,2,1.6,0,0,2,0,0,2,40,0,2,0,0,0,0,0.0,0,0,0,0.0,0,0,0.0,3,1,2,56,0
170,2022-09-25,Brace - SP - Broad - Generic - GS,Generic Keywords,wrist wrap injury,broad,0,4,0.92,0,0,4,0,0,4,80,0,4,0,0,0,2,0.0,0,0,0,0.0,0,0,0.0,3,1,2,100,0
171,2022-09-25,Brace - SP - Broad - Injury KW - GS,Injury,injury brace,broad,0,3,2.04,0,0,3,0,0,3,75,0,0,0,0,2,6,1.36,0,0,0,0.0,0,0,0.0,2,2,6,52,0
172,2022-09-25,Brace - SP - Broad - Injury KW - GS,Injury,wrist injury,broad,0,3,0.51,0,0,3,0,0,3,75,0,0,0,0,0,4,0.0,0,0,0,0.0,0,0,0.0,2,2,6,90,0
173,2022-09-25,Brace - SP - Broad - Injury KW - GS,Injury,wrist injury brace,broad,0,1,0.31,0,0,1,0,0,1,25,0,0,0,0,0,1,0.0,0,0,0,0.0,0,0,0.0,3,2,6,91,0
174,2022-09-25,Brace - SP - Competitor manual,brace,night wrist brace,broad,0,1,0.26,0,0,1,0,0,1,20,0,0,0,0,0,1,0.0,0,0,0,0.0,0,0,0.0,3,3,15,59,0
175,2022-09-25,Brace - SP - Exact - Injury KW - GS,Pain,wrist bandage pain,exact,0,1,0.51,0,0,1,0,0,1,20,0,0,0,0,0,1,0.0,0,0,0,0.0,0,0,0.0,3,5,8,81,1
176,2022-09-25,Brace - SP - Exact - Injury KW - GS,Sprains,sprained wrist brace,exact,0,1,0.51,0,0,1,0,0,1,20,0,0,0,0,0,1,0.0,0,0,0,0.0,0,0,0.0,3,5,10,69,1
177,2022-09-25,Brace - SP - Exact - Injury KW - GS,Sprains,wrist brace for sprained wrist,exact,0,2,1.02,0,0,2,0,0,2,40,0,0,0,0,0,0,0.0,0,0,0,0.0,0,0,0.0,5,5,10,82,1
178,2022-09-25,Catch all grouped,brace,edema glove,phrase,0,6,0.6000000000000001,0,0,6,0,0,6,120,0,0,0,0,0,4,0.0,0,0,0,0.0,0,0,0.0,2,6,15,34,2
179,2022-09-25,Catch all grouped,brace,wrist copper,broad,0,1,0.1,0,0,1,0,0,1,20,0,0,0,0,0,2,0.0,0,0,0,0.0,0,0,0.0,2,6,15,87,0
180,2022-09-25,Gloves  - Competitor Brand - Exact,Gloves  - Competitor Brand - Exact,copper compression,broad,0,1,0.4,0,0,1,0,0,1,10,0,0,0,0,0,1,0.0,0,0,0,0.0,0,0,0.0,2,7,3,25,0
181,2022-09-25,Gloves  - Competitor Brand - Exact,Gloves  - Competitor Brand - Exact,copper compression,exact,0,3,1.2000000000000002,0,0,3,0,0,3,30,0,0,0,0,0,1,0.0,0,0,0,0.0,0,0,0.0,2,7,3,25,1
182,2022-09-25,Gloves  - Competitor Brand - Exact,Gloves  - Competitor Brand - Exact,copper compression,phrase,0,3,1.23,0,0,3,0,0,3,30,0,0,0,0,0,9,0.0,0,0,0,0.0,0,0,0.0,2,7,3,25,2
183,2022-09-25,Gloves - SP - Cerebro - Broad,Cerebro - Broad,pressure glove,broad,0,7,4.760000000000001,0,0,7,0,0,7,140,0,7,0,0,1,86,0.7,0,0,0,0.0,0,0,0.0,2,9,0,61,0
184,2022-09-25,Gloves - SP - Cerebro - Exact,gloves,compression gloves for edema,exact,0,1,0.24,0,0,1,0,0,1,20,0,0,0,0,0,0,0.0,0,0,0,0.0,0,0,0.0,4,10,18,20,1
185,2022-09-25,Gloves - SP - Cerebro - Exact,gloves,thumb compression sleeve,exact,0,1,0.39,0,0,1,0,0,1,20,0,0,0,0,0,0,0.0,0,0,0,0.0,0,0,0.0,3,10,18,78,1
186,2022-09-25,Gloves - SP - Cerebro - Phrase,Cerebro - Phrase,compression glove,phrase,0,6,2.82,0,0,6,0,0,6,150,0,6,0,0,0,14,0.0,0,0,0,0.0,0,0,0.0,2,11,1,17,2
187,2022-09-25,Gloves - SP - Cerebro - Phrase,Cerebro - Phrase,copper glove,phrase,0,1,0.8,0,0,1,0,0,1,25,0,1,0,0,0,69,0.0,0,0,0,0.0,0,0,0.0,2,11,1,30,2
188,2022-09-25,Gloves - SP - Exact - Brand Defense Keywords - GS,Gloves - SP - Exact - Brand Defense Keywords - GS,fititude gloves,broad,0,3,20.4,0,0,3,0,0,3,135,0,0,0,0,1,11,1.83,1,1,2,63.76,0,2,63.76,2,12,5,40,0
189,2022-09-25,Gloves - SP - Exact - Brand Defense Keywords - GS,Gloves - SP - Exact - Brand Defense Keywords - GS,fititude gloves,exact,0,1,6.8,0,0,1,0,0,1,45,0,0,0,0,1,3,0.47,0,0,0,0.0,0,0,0.0,2,12,5,40,1
190,2022-09-25,Gloves - SP - Exact - Brand Defense Keywords - GS,Gloves - SP - Exact - Brand Defense Keywords - GS,fititude infused copper pair of compression gloves,exact,0,3,14.700000000000001,0,0,3,0,0,3,135,0,0,0,0,0,6,0.0,0,0,0,0.0,0,0,0.0,7,12,5,41,1
191,2022-09-25,Gloves - SP - KW - MIX - Discovery,gloves,arthritis gloves for women for pain,broad,0,3,0.81,0,0,3,0,0,3,105,0,0,0,0,0,3,0.0,0,0,0,0.0,0,0,0.0,6,13,18,11,0
192,2022-09-25,Gloves - SP - KW - MIX - Discovery,gloves,arthritis gloves for women for pain,exact,0,3,0.81,0,0,3,0,0,3,105,0,0,0,0,1,427,0.7,0,0,0,0.0,0,0,0.0,6,13,18,11,1
193,2022-09-25,Gloves - SP - KW - MIX - Discovery,gloves,arthritis gloves for women for pain,phrase,0,1,0.27,0,0,1,0,0,1,35,0,0,0,0,0,2,0.0,0,0,0,0.0,0,0,0.0,6,13,18,11,2
194,2022-09-25,Gloves - SP - Top Keywords,Top Keywords,gloves for swelling,phrase,0,6,3.7199999999999998,0,0,6,0,0,6,180,0,6,0,0,0,114,0.0,0,0,0,0.0,0,0,0.0,3,14,12,46,2
195,2022-09-25,Gloves - SP - Top Keywords,Top Keywords,hand support glove pain,exact,0,1,0.26,0,0,1,0,0,1,30,0,1,0,0,0,0,0.0,0,0,0,0.0,0,0,0.0,4,14,12,50,1
196,2022-09-25,Gloves - SP - manual,exact,finger support arthritis,exact,0,7,4.06,0,0,7,0,0,7,700,0,7,0,0,0,13,0.0,0,0,0,0.0,0,0,0.0,3,15,17,37,1
197,2022-09-25,Wallet - SP - Broad - Generic - GS,Wallet - SP - Broad - Generic - GS,minimalist wallet men,broad,0,2,1.2,0,0,2,0,0,2,40,0,0,0,0,1,437,0.31,0,0,0,0.0,0,0,0.0,3,16,13,58,0
198,2022-09-25,Wallet - SP - Broad - Generic - GS,Wallet - SP - Broad - Generic - GS,wallet rfid blocking,broad,0,5,4.0,0,0,5,0,0,5,100,0,0,0,0,0,9,0.0,0,0,0,0.0,0,0,0.0,3,16,13,80,0
199,2022-10-02,Brace - SP - BBM,bbm,+tendonitis +wrist,broad,0,7,4.62,0,0,7,0,0,7,210,0,7,0,0,7,1014,6.51,0,0,0,0.0,0,0,0.0,2,0,14,3,0
200,2022-10-02,Brace - SP - Broad - Generic - GS,Generic Keywords,medical wrist brace,broad,0,4,3.2,0,0,4,0,0,4,80,0,4,0,0,0,9,0.0,0,0,0,0.0,0,0,0.0,3,1,2,56,0
201,2022-10-02,Brace - SP - Broad - Generic - GS,Generic Keywords,wrist wrap injury,broad,0,3,0.6900000000000001,0,0,3,0,0,3,60,0,3,0,0,0,0,0.0,0,0,0,0.0,0,0,0.0,3,1,2,100,0
202,2022-10-02,Brace - SP - Broad - Injury KW - GS,Injury,injury brace,broad,0,6,4.08,0,0,6,0,0,6,150,0,0,0,0,0,7,0.0,0,0,0,0.0,0,0,0.0,2,2,6,52,0
203,2022-10-02,Brace - SP - Broad - Injury KW - GS,Injury,wrist injury support,broad,0,1,0.31,0,0,1,0,0,1,25,0,0,0,0,0,0,0.0,0,0,0,0.0,0,0,0.0,3,2,6,93,0
204,2022-10-02,Brace - SP - Competitor manual,brace,night wrist brace,broad,0,2,0.52,0,0,2,0,0,2,40,0,0,0,0,0,7,0.0,0,0,0,0.0,0,0,0.0,3,3,15,59,0
205,2022-10-02,Brace - SP - Competitor manual,brace,night wrist support,broad,0,1,0.26,0,0,1,0,0,1,20,0,0,0,0,0,0,0.0,0,0,0,0.0,0,0,0.0,3,3,15,60,0
206,2022-10-02,Brace - SP - Exact - Generic - GS,Left,left wrist brace women,exact,0,3,0.8999999999999999,0,0,3,0,0,3,60,0,0,0,0,0,12,0.0,0,0,0,0.0,0,0,0.0,4,4,7,55,1
207,2022-10-02,Brace - SP - Exact - Injury KW - GS,Sprains,sprained wrist brace for women,exact,0,1,0.51,0,0,1,0,0,1,20,0,0,0,0,0,0,0.0,0,0,0,0.0,0,0,0.0,5,5,10,71,1
208,2022-10-02,Brace - SP - Exact - Injury KW - GS,Sprains,wrist brace for sprained wrist,exact,0,2,1.02,0,0,2,0,0,2,40,0,0,0,0,0,5,0.0,0,0,0,0.0,0,0,0.0,5,5,10,82,1
209,2022-10-02,Catch all grouped,brace,edema glove,phrase,0,1,0.1,0,0,1,0,0,1,20,0,0,0,0,0,0,0.0,0,0,0,0.0,0,0,0.0,2,6,15,34,2
210,2022-10-02,Catch all grouped,brace,wrist copper,broad,0,6,0.6000000000000001,0,0,6,0,0,6,120,0,0,0,0,0,43,0.0,0,0,0,0.0,0,0,0.0,2,6,15,87,0
211,2022-10-02,Gloves  - Competitor Brand - Exact,Gloves  - Competitor Brand - Exact,copper compression,phrase,0,7,2.8699999999999997,0,0,7,0,0,7,70,0,0,0,0,2,85,0.7,1,1,1,15.94,0,1,15.94,2,7,3,25,2
212,2022-10-02,Gloves - SP - Cerebro - Broad,Cerebro - Broad,pressure glove,broad,0,7,4.760000000000001,0,0,7,0,0,7,140,0,7,0,0,0,13,0.0,0,0,0,0.0,0,0,0.0,2,9,0,61,0
213,2022-10-02,Gloves - SP - Cerebro - Exact,gloves,thumb compression sleeve,exact,0,1,0.39,0,0,1,0,0,1,20,0,0,0,0,0,1,0.0,0,0,0,0.0,0,0,0.0,3,10,18,78,1
214,2022-10-02,Gloves - SP - Cerebro - Phrase,Cerebro - Phrase,compression glove,phrase,0,7,3.29,0,0,7,0,0,7,175,0,7,0,0,1,14,0.32,0,0,0,0.0,0,0,0.0,2,11,1,17,2
215,2022-10-02,Gloves - SP - Exact - Brand Defense Keywords - GS,Gloves - SP - Exact - Brand Defense Keywords - GS,fititude gloves,exact,0,2,13.6,0,0,2,0,0,2,90,0,0,0,0,1,3,0.72,1,1,2,31.88,0,2,31.88,2,12,5,40,1
216,2022-10-02,Gloves - SP - Exact - Brand Defense Keywords - GS,Gloves - SP - Exact - Brand Defense Keywords - GS,fititude infused copper pair of compression gloves,exact,0,5,24.5,0,0,5,0,0,5,225,0,0,0,0,1,15,1.13,0,1,1,31.88,0,1,31.88,7,12,5,41,1
217,2022-10-02,Gloves - SP - KW - MIX - Discovery,gloves,arthritis gloves for women for pain,broad,0,2,0.54,0,0,2,0,0,2,70,0,0,0,0,0,10,0.0,0,0,0,0.0,0,0,0.0,6,13,18,11,0
218,2022-10-02,Gloves - SP - KW - MIX - Discovery,gloves,arthritis gloves for women for pain,exact,0,2,0.54,0,0,2,0,0,2,70,0,0,0,0,0,35,0.0,0,0,0,0.0,0,0,0.0,6,13,18,11,1
219,2022-10-02,Gloves - SP - KW - MIX - Discovery,gloves,arthritis gloves for women for pain,phrase,0,3,0.81,0,0,3,0,0,3,105,0,0,0,0,0,6,0.0,0,0,0,0.0,0,0,0.0,6,13,18,11,2
220,2022-10-02,Gloves - SP - Top Keywords,Top Keywords,gloves for swelling,phrase,0,7,4.34,0,0,7,0,0,7,210,0,7,0,0,5,72,5.430000000000001,1,1,1,15.94,0,1,15.94,3,14,12,46,2
221,2022-10-02,Gloves - SP - manual,broad,copper gloves,broad,0,3,0.44999999999999996,0,0,3,0,0,3,300,0,3,0,0,1,53,0.47,0,0,0,0.0,0,0,0.0,2,15,16,31,0
222,2022-10-02,Gloves - SP - manual,broad,copper hands,broad,0,2,1.02,0,0,2,0,0,2,200,0,2,0,0,3,148,3.0,1,1,2,31.88,0,2,31.88,2,15,16,33,0
223,2022-10-02,Gloves - SP - manual,exact,edema glove left hand,exact,0,1,0.38,0,0,1,0,0,1,100,0,1,0,0,0,1,0.0,0,0,0,0.0,0,0,0.0,4,15,17,35,1
224,2022-10-02,Gloves - SP - manual,exact,finger support arthritis,exact,0,1,0.58,0,0,1,0,0,1,100,0,1,0,0,0,3,0.0,0,0,0,0.0,0,0,0.0,3,15,17,37,1
225,2022-10-02,Wallet - SP - Broad - Generic - GS,Wallet - SP - Broad - Generic - GS,minimalist wallet men,broad,0,7,4.2,0,0,7,0,0,7,140,0,0,0,0,6,1185,2.85,0,0,0,0.0,0,0,0.0,3,16,13,58,0
226,2022-10-09,Brace - SP - BBM,bbm,+copper +tendinitis,broad,0,3,3.06,0,0,3,0,0,3,90,0,3,0,0,0,0,0.0,0,0,0,0.0,0,0,0.0,2,0,14,1,0
227,2022-10-09,Brace - SP - BBM,bbm,+tendinitis +wrist,broad,0,1,0.84,0,0,1,0,0,1,30,0,1,0,0,0,1,0.0,0,0,0,0.0,0,0,0.0,2,0,14,2,0
228,2022-10-09,Brace - SP - BBM,bbm,+tendonitis +wrist,broad,0,3,1.98,0,0,3,0,0,3,90,0,3,0,0,0,67,0.0,0,0,0,0.0,0,0,0.0,2,0,14,3,0
229,2022-10-09,Brace - SP - Broad - Generic - GS,Generic Keywords,medical wrist brace,broad,0,4,3.2,0,0,4,0,0,4,80,0,4,0,0,0,18,0.0,0,0,0,0.0,0,0,0.0,3,1,2,56,0
230,2022-10-09,Brace - SP - Broad - Generic - GS,Generic Keywords,wrist wrap injury,broad,0,3,0.6900000000000001,0,0,3,0,0,3,60,0,3,0,0,0,0,0.0,0,0,0,0.0,0,0,0.0,3,1,2,100,0
231,2022-10-09,Brace - SP - Broad - Injury KW - GS,Injury,injury brace,broad,0,4,2.72,0,0,4,0,0,4,100,0,0,0,0,0,3,0.0,0,0,0,0.0,0,0,0.0,2,2,6,52,0
232,2022-10-09,Brace - SP - Broad - Injury KW - GS,Injury,wrist injury,broad,0,1,0.17,0,0,1,0,0,1,25,0,0,0,0,0,2,0.0,0,0,0,0.0,0,0,0.0,2,2,6,90,0
233,2022-10-09,Brace - SP - Broad - Injury KW - GS,Tendinitis,tendonitis,broad,0,2,1.16,0,0,2,0,0,2,50,0,0,0,0,3,676,3.18,0,0,0,0.0,0,0,0.0,1,2,11,74,0
234,2022-10-09,Brace - SP - Competitor manual,brace,night wrist brace,broad,0,2,0.52,0,0,2,0,0,2,40,0,0,0,0,0,2,0.0,0,0,0,0.0,0,0,0.0,3,3,15,59,0
235,2022-10-09,Brace - SP - Exact - Generic - GS,Generic Keywords,wrist braces,exact,0,2,0.68,0,0,2,0,0,2,40,0,0,0,0,0,5,0.0,0,0,0,0.0,0,0,0.0,2,4,2,85,1
236,2022-10-09,Brace - SP - Exact - Generic - GS,Generic Keywords,wrist relief for pain,exact,0,1,0.3,0,0,1,0,0,1,20,0,0,0,0,0,1,0.0,0,0,0,0.0,0,0,0.0,4,4,2,96,1
237,2022-10-09,Brace - SP - Exact - Generic - GS,Left,left wrist brace women,exact,0,1,0.3,0,0,1,0,0,1,20,0,0,0,0,0,1,0.0,0,0,0,0.0,0,0,0.0,4,4,7,55,1
238,2022-10-09,Brace - SP - Exact - Generic - GS,Left,wrist brace left hand,exact,0,1,0.3,0,0,1,0,0,1,20,0,0,0,0,0,0,0.0,0,0,0,0.0,0,0,0.0,4,4,7,83,1
239,2022-10-09,Brace - SP - Exact - Generic - GS,Right,right wrist brace women,exact,0,2,0.6,0,0,2,0,0,2,40,0,0,0,0,0,2,0.0,0,0,0,0.0,0,0,0.0,4,4,9,63,1
240,2022-10-09,Brace - SP - Exact - Injury KW - GS,Sprains,sprained wrist brace,exact,0,1,0.51,0,0,1,0,0,1,20,0,0,0,0,0,4,0.0,0,0,0,0.0,0,0,0.0,3,5,10,69,1
241,2022-10-09,Brace - SP - Exact - Injury KW - GS,Sprains,sprained wrist brace for women,exact,0,1,0.51,0,0,1,0,0,1,20,0,0,0,0,0,0,0.0,0,0,0,0.0,0,0,0.0,5,5,10,71,1
242,2022-10-09,Brace - SP - Exact - Injury KW - GS,Sprains,wrist brace for sprained wrist,exact,0,1,0.51,0,0,1,0,0,1,20,0,0,0,0,0,1,0.0,0,0,0,0.0,0,0,0.0,5,5,10,82,1
243,2022-10-09,Catch all grouped,brace,wrist copper,broad,0,6,0.6000000000000001,0,0,6,0,0,6,120,0,0,0,0,0,42,0.0,0,0,0,0.0,0,0,0.0,2,6,15,87,0
244,2022-10-09,Catch all grouped,brace,wrist copper,phrase,0,1,0.1,0,0,1,0,0,1,20,0,0,0,0,0,0,0.0,0,0,0,0.0,0,0,0.0,2,6,15,87,2
245,2022-10-09,Gloves  - Competitor Brand - Exact,Gloves  - Competitor Brand - Exact,ace gloves,phrase,0,1,0.41,0,0,1,0,0,1,10,0,0,0,0,0,0,0.0,0,0,0,0.0,0,0,0.0,2,7,3,4,2
246,2022-10-09,Gloves  - Competitor Brand - Exact,Gloves  - Competitor Brand - Exact,copper compression,exact,0,1,0.4,0,0,1,0,0,1,10,0,0,0,0,0,0,0.0,0,0,0,0.0,0,0,0.0,2,7,3,25,1
247,2022-10-09,Gloves  - Competitor Brand - Exact,Gloves  - Competitor Brand - Exact,copper compression,phrase,0,5,2.05,0,0,5,0,0,5,50,0,0,0,0,0,30,0.0,0,0,0,0.0,0,0,0.0,2,7,3,25,2
248,2022-10-09,Gloves - SP - Cerebro - Broad,Cerebro - Broad,pressure glove,broad,0,7,4.760000000000001,0,0,7,0,0,7,140,0,7,0,0,5,88,3.23,2,2,2,31.88,0,2,31.88,2,9,0,61,0
249,2022-10-09,Gloves - SP - Cerebro - Phrase,Cerebro - Phrase,anti arthritis gloves,phrase,0,3,0.75,0,0,3,0,0,3,75,0,3,0,0,0,4,0.0,0,0,0,0.0,0,0,0.0,3,11,1,5,2
250,2022-10-09,Gloves - SP - Cerebro - Phrase,Cerebro - Phrase,arthriti glove,phrase,0,3,1.08,0,0,3,0,0,3,75,0,3,0,0,4,1148,1.85,0,0,0,0.0,0,0,0.0,2,11,1,8,2
251,2022-10-09,Gloves - SP - Cerebro - Phrase,Cerebro - Phrase,compression glove,phrase,0,1,0.47,0,0,1,0,0,1,25,0,1,0,0,0,0,0.0,0,0,0,0.0,0,0,0.0,2,11,1,17,2
252,2022-10-09,Gloves - SP - Exact - Brand Defense Keywords - GS,Gloves - SP - Exact - Brand Defense Keywords - GS,fititude,phrase,0,1,8.15,0,0,1,0,0,1,45,0,0,0,0,0,1,0.0,0,0,0,0.0,0,0,0.0,1,12,5,38,2
253,2022-10-09,Gloves - SP - Exact - Brand Defense Keywords - GS,Gloves - SP - Exact - Brand Defense Keywords - GS,fititude gloves,exact,0,1,6.8,0,0,1,0,0,1,45,0,0,0,0,0,1,0.0,0,0,0,0.0,0,0,0.0,2,12,5,40,1
254,2022-10-09,Gloves - SP - Exact - Brand Defense Keywords - GS,Gloves - SP - Exact - Brand Defense Keywords - GS,fititude infused copper pair of compression gloves,exact,0,5,24.5,0,0,5,0,0,5,225,0,0,0,0,2,21,0.51,1,1,1,15.94,0,1,15.94,7,12,5,41,1
255,2022-10-09,Gloves - SP - KW - MIX - Discovery,gloves,arthritis gloves for women for pain,exact,0,5,1.35,0,0,5,0,0,5,175,0,0,0,0,0,37,0.0,0,0,0,0.0,0,0,0.0,6,13,18,11,1
256,2022-10-09,Gloves - SP - KW - MIX - Discovery,gloves,arthritis gloves for women for pain,phrase,0,2,0.54,0,0,2,0,0,2,70,0,0,0,0,0,3,0.0,0,0,0,0.0,0,0,0.0,6,13,18,11,2
257,2022-10-09,Gloves - SP - Top Keywords,Top Keywords,gloves for swelling,phrase,0,7,4.34,0,0,7,0,0,7,210,0,7,0,0,5,252,5.3999999999999995,0,1,1,15.94,0,1,15.94,3,14,12,46,2
258,2022-10-09,Gloves - SP - manual,broad,copper gloves,broad,0,1,0.15,0,0,1,0,0,1,100,0,1,0,0,0,23,0.0,0,0,0,0.0,0,0,0.0,2,15,16,31,0
259,2022-10-09,Gloves - SP - manual,exact,finger support arthritis,exact,0,6,3.4799999999999995,0,0,6,0,0,6,600,0,6,0,0,1,20,1.15,0,0,0,0.0,0,0,0.0,3,15,17,37,1
260,2022-10-09,Wallet - SP - Broad - Generic - GS,Wallet - SP - Broad - Generic - GS,minimalist wallet men,broad,0,7,4.2,0,0,7,0,0,7,140,0,0,0,0,1,364,0.6,0,0,0,0.0,0,0,0.0,3,16,13,58,0
261,2022-10-16,Brace - SP - BBM,bbm,+tendonitis +wrist,broad,0,7,4.62,0,0,7,0,0,7,210,0,7,0,0,0,119,0.0,0,0,0,0.0,0,0,0.0,2,0,14,3,0
262,2022-10-16,Brace - SP - Broad - Generic - GS,Generic Keywords,gaming wrist brace,broad,0,1,0.31,0,0,1,0,0,1,20,0,1,0,0,0,0,0.0,0,0,0,0.0,0,0,0.0,3,1,2,43,0
263,2022-10-16,Brace - SP - Broad - Generic - GS,Generic Keywords,medical wrist brace,broad,0,2,1.6,0,0,2,0,0,2,40,0,2,0,0,0,1,0.0,0,0,0,0.0,0,0,0.0,3,1,2,56,0
264,2022-10-16,Brace - SP - Broad - Generic - GS,Generic Keywords,wrist wrap injury,broad,0,4,0.92,0,0,4,0,0,4,80,0,4,0,0,0,0,0.0,0,0,0,0.0,0,0,0.0,3,1,2,100,0
265,2022-10-16,Brace - SP - Broad - Injury KW - GS,Injury,injury brace,broad,0,2,1.36,0,0,2,0,0,2,50,0,0,0,0,0,1,0.0,0,0,0,0.0,0,0,0.0,2,2,6,52,0
266,2022-10-16,Brace - SP - Broad - Injury KW - GS,Injury,wrist injury,broad,0,5,0.8500000000000001,0,0,5,0,0,5,125,0,0,0,0,0,6,0.0,0,0,0,0.0,0,0,0.0,2,2,6,90,0
267,2022-10-16,Brace - SP - Competitor manual,brace,night wrist brace,broad,0,3,0.78,0,0,3,0,0,3,60,0,0,0,0,0,3,0.0,0,0,0,0.0,0,0,0.0,3,3,15,59,0
268,2022-10-16,Brace - SP - Competitor manual,brace,night wrist support,broad,0,2,0.52,0,0,2,0,0,2,40,0,0,0,0,0,0,0.0,0,0,0,0.0,0,0,0.0,3,3,15,60,0
269,2022-10-16,Brace - SP - Exact - Generic - GS,Generic Keywords,compression wrist brace,exact,0,1,0.33,0,0,1,0,0,1,20,0,0,0,0,0,0,0.0,0,0,0,0.0,0,0,0.0,3,4,2,23,1
270,2022-10-16,Brace - SP - Exact - Generic - GS,Generic Keywords,wrist compression,exact,0,1,0.43,0,0,1,0,0,1,20,0,0,0,0,0,2,0.0,0,0,0,0.0,0,0,0.0,2,4,2,86,1
271,2022-10-16,Brace - SP - Exact - Generic - GS,Generic Keywords,wrist wrap injury,exact,0,3,0.8999999999999999,0,0,3,0,0,3,60,0,0,0,0,0,0,0.0,0,0,0,0.0,0,0,0.0,3,4,2,100,1
272,2022-10-16,Brace - SP - Exact - Generic - GS,Left,left wrist brace women,exact,0,1,0.3,0,0,1,0,0,1,20,0,0,0,0,0,2,0.0,0,0,0,0.0,0,0,0.0,4,4,7,55,1
273,2022-10-16,Brace - SP - Exact - Generic - GS,Right,right wrist support,exact,0,1,0.3,0,0,1,0,0,1,20,0,0,0,0,0,2,0.0,0,0,0,0.0,0,0,0.0,3,4,9,64,1
274,2022-10-16,Brace - SP - Exact - Injury KW - GS,Pain,hand bandage pain,exact,0,1,0.33,0,0,1,0,0,1,20,0,0,0,0,0,0,0.0,0,0,0,0.0,0,0,0.0,3,5,8,48,1
275,2022-10-16,Brace - SP - Exact - Injury KW - GS,Pain,wrist bandage pain,exact,0,1,0.51,0,0,1,0,0,1,20,0,0,0,0,0,0,0.0,0,0,0,0.0,0,0,0.0,3,5,8,81,1
276,2022-10-16,Brace - SP - Exact - Injury KW - GS,Sprains,sprained wrist brace for women,exact,0,4,2.04,0,0,4,0,0,4,80,0,0,0,0,0,0,0.0,0,0,0,0.0,0,0,0.0,5,5,10,71,1
277,2022-10-16,Brace - SP - Exact - Injury KW - GS,Sprains,wrist brace for sprained wrist,exact,0,1,0.51,0,0,1,0,0,1,20,0,0,0,0,0,4,0.0,0,0,0,0.0,0,0,0.0,5,5,10,82,1
278,2022-10-16,Catch all grouped,brace,wrist copper,broad,0,6,0.6000000000000001,0,0,6,0,0,6,120,0,0,0,0,0,62,0.0,0,0,0,0.0,0,0,0.0,2,6,15,87,0
279,2022-10-16,Catch all grouped,brace,wrist copper,phrase,0,1,0.1,0,0,1,0,0,1,20,0,0,0,0,0,2,0.0,0,0,0,0.0,0,0,0.0,2,6,15,87,2
280,2022-10-16,Gloves  - Competitor Brand - Exact,Gloves  - Competitor Brand - Exact,ace gloves,phrase,0,5,2.05,0,0,5,0,0,5,50,0,0,0,0,0,2,0.0,0,0,0,0.0,0,0,0.0,2,7,3,4,2
281,2022-10-16,Gloves  - Competitor Brand - Exact,Gloves  - Competitor Brand - Exact,copper compression,exact,0,1,0.4,0,0,1,0,0,1,10,0,0,0,0,0,0,0.0,0,0,0,0.0,0,0,0.0,2,7,3,25,1
282,2022-10-16,Gloves  - Competitor Brand - Exact,Gloves  - Competitor Brand - Exact,copper compression,phrase,0,1,0.41,0,0,1,0,0,1,10,0,0,0,0,0,17,0.0,0,0,0,0.0,0,0,0.0,2,7,3,25,2
283,2022-10-16,Gloves - SP - Cerebro - Broad,Cerebro - Broad,copper gloves men,broad,0,2,0.44,0,0,2,0,0,2,40,0,2,0,0,0,0,0.0,0,0,0,0.0,0,0,0.0,3,9,0,32,0
284,2022-10-16,Gloves - SP - Cerebro - Broad,Cerebro - Broad,pressure glove,broad,0,5,3.4000000000000004,0,0,5,0,0,5,100,0,5,0,0,5,372,4.12,0,0,0,0.0,0,0,0.0,2,9,0,61,0
285,2022-10-16,Gloves - SP - Cerebro - Phrase,Cerebro - Phrase,anti arthritis gloves,phrase,0,1,0.25,0,0,1,0,0,1,25,0,1,0,0,0,0,0.0,0,0,0,0.0,0,0,0.0,3,11,1,5,2
286,2022-10-16,Gloves - SP - Cerebro - Phrase,Cerebro - Phrase,arthriti compression,phrase,0,1,0.36,0,0,1,0,0,1,25,0,1,0,0,0,0,0.0,0,0,0,0.0,0,0,0.0,2,11,1,6,2
287,2022-10-16,Gloves - SP - Cerebro - Phrase,Cerebro - Phrase,arthriti compression glove,phrase,0,1,0.25,0,0,1,0,0,1,25,0,1,0,0,0,1,0.0,0,0,0,0.0,0,0,0.0,3,11,1,7,2
288,2022-10-16,Gloves - SP - Cerebro - Phrase,Cerebro - Phrase,arthriti glove,phrase,0,3,1.08,0,0,3,0,0,3,75,0,3,0,0,0,70,0.0,0,0,0,0.0,0,0,0.0,2,11,1,8,2
289,2022-10-16,Gloves - SP - Cerebro - Phrase,Cerebro - Phrase,arthriti pain,phrase,0,1,0.35,0,0,1,0,0,1,25,0,1,0,0,1,20,0.59,0,0,0,0.0,0,0,0.0,2,11,1,9,2
290,2022-10-16,Gloves - SP - Exact - Brand Defense Keywords - GS,Gloves - SP - Exact - Brand Defense Keywords - GS,fititude gloves,exact,0,3,20.4,0,0,3,0,0,3,135,0,0,0,0,1,2,0.2,1,1,1,15.94,0,1,15.94,2,12,5,40,1
291,2022-10-16,Gloves - SP - Exact - Brand Defense Keywords - GS,Gloves - SP - Exact - Brand Defense Keywords - GS,fititude infused copper pair of compression gloves,exact,0,4,19.6,0,0,4,0,0,4,180,0,0,0,0,0,11,0.0,0,0,0,0.0,0,0,0.0,7,12,5,41,1
292,2022-10-16,Gloves - SP - KW - MIX - Discovery,gloves,arthritis gloves for women for pain,exact,0,3,0.81,0,0,3,0,0,3,105,0,0,0,0,0,426,0.0,0,0,0,0.0,0,0,0.0,6,13,18,11,1
293,2022-10-16,Gloves - SP - KW - MIX - Discovery,gloves,arthritis gloves for women for pain,phrase,0,4,1.08,0,0,4,0,0,4,140,0,0,0,0,0,6,0.0,0,0,0,0.0,0,0,0.0,6,13,18,11,2
294,2022-10-16,Gloves - SP - Top Keywords,Top Keywords,gloves for swelling,phrase,0,7,4.34,0,0,7,0,0,7,210,0,7,0,0,1,83,0.62,0,0,0,0.0,0,0,0.0,3,14,12,46,2
295,2022-10-16,Gloves - SP - manual,exact,finger support arthritis,exact,0,7,4.06,0,0,7,0,0,7,700,0,7,0,0,1,23,1.35,0,0,0,0.0,0,0,0.0,3,15,17,37,1
296,2022-10-16,Wallet - SP - Broad - Generic - GS,Wallet - SP - Broad - Generic - GS,minimalist wallet men,broad,0,3,1.7999999999999998,0,0,3,0,0,3,60,0,0,0,0,1,80,0.6,0,1,1,9.99,0,1,9.99,3,16,13,58,0
297,2022-10-23,Brace - SP - BBM,bbm,+tendinitis +wrist,broad,0,1,0.84,0,0,1,0,0,1,30,0,1,0,0,0,3,0.0,0,0,0,0.0,0,0,0.0,2,0,14,2,0
298,2022-10-23,Brace - SP - BBM,bbm,+tendonitis +wrist,broad,0,6,3.96,0,0,6,0,0,6,180,0,6,0,0,0,32,0.0,0,0,0,0.0,0,0,0.0,2,0,14,3,0
299,2022-10-23,Brace - SP - Broad - Generic - GS,Generic Keywords,medical wrist brace,broad,0,3,2.4000000000000004,0,0,3,0,0,3,60,0,3,0,0,0,0,0.0,0,0,0,0.0,0,0,0.0,3,1,2,56,0
300,2022-10-23,Brace - SP - Broad - Generic - GS,Generic Keywords,wrist wrap injury,broad,0,4,0.92,0,0,4,0,0,4,80,0,4,0,0,0,0,0.0,0,0,0,0.0,0,0,0.0,3,1,2,100,0
301,2022-10-23,Brace - SP - Broad - Injury KW - GS,Injury,injury brace,broad,0,4,2.72,0,0,4,0,0,4,100,0,0,0,0,0,2,0.0,0,0,0,0.0,0,0,0.0,2,2,6,52,0
302,2022-10-23,Brace - SP - Broad - Injury KW - GS,Injury,sport injury brace,broad,0,1,0.55,0,0,1,0,0,1,25,0,0,0,0,0,1,0.0,0,0,0,0.0,0,0,0.0,3,2,6,67,0
303,2022-10-23,Brace - SP - Broad - Injury KW - GS,Injury,wrist injury,broad,0,1,0.17,0,0,1,0,0,1,25,0,0,0,0,0,1,0.0,0,0,0,0.0,0,0,0.0,2,2,6,90,0
304,2022-10-23,Brace - SP - Broad - Injury KW - GS,Injury,wrist injury recovery,broad,0,1,0.31,0,0,1,0,0,1,25,0,0,0,0,0,1,0.0,0,0,0,0.0,0,0,0.0,3,2,6,92,0
305,2022-10-23,Brace - SP - Exact - Generic - GS,Generic Keywords,wrist braces,exact,0,4,1.36,0,0,4,0,0,4,80,0,0,0,0,0,12,0.0,0,0,0,0.0,0,0,0.0,2,4,2,85,1
306,2022-10-23,Brace - SP - Exact - Generic - GS,Generic Keywords,wrist wrap injury,exact,0,1,0.3,0,0,1,0,0,1,20,0,0,0,0,0,2,0.0,0,0,0,0.0,0,0,0.0,3,4,2,100,1
307,2022-10-23,Brace - SP - Exact - Generic - GS,Generic Keywords,wristbands pain relief,exact,0,1,0.3,0,0,1,0,0,1,20,0,0,0,0,0,0,0.0,0,0,0,0.0,0,0,0.0,3,4,2,102,1
308,2022-10-23,Brace - SP - Exact - Generic - GS,Left,wrist immobilizer left hand,exact,0,1,0.3,0,0,1,0,0,1,20,0,0,0,0,0,0,0.0,0,0,0,0.0,0,0,0.0,4,4,7,89,1
309,2022-10-23,Brace - SP - Exact - Injury KW - GS,Sprains,sprained wrist brace for women,exact,0,2,1.02,0,0,2,0,0,2,40,0,0,0,0,0,0,0.0,0,0,0,0.0,0,0,0.0,5,5,10,71,1
310,2022-10-23,Brace - SP - Exact - Injury KW - GS,Sprains,wrist brace for sprained wrist,exact,0,4,2.04,0,0,4,0,0,4,80,0,0,0,0,0,13,0.0,0,0,0,0.0,0,0,0.0,5,5,10,82,1
311,2022-10-23,Catch all grouped,brace,edema glove,phrase,0,1,0.1,0,0,1,0,0,1,20,0,0,0,0,0,2,0.0,0,0,0,0.0,0,0,0.0,2,6,15,34,2
312,2022-10-23,Catch all grouped,brace,wrist copper,broad,0,6,0.6000000000000001,0,0,6,0,0,6,120,0,0,0,0,0,29,0.0,0,0,0,0.0,0,0,0.0,2,6,15,87,0
313,2022-10-23,Gloves  - Competitor Brand - Exact,Gloves  - Competitor Brand - Exact,ace gloves,phrase,0,4,1.64,0,0,4,0,0,4,40,0,0,0,0,0,6,0.0,0,0,0,0.0,0,0,0.0,2,7,3,4,2
314,2022-10-23,Gloves  - Competitor Brand - Exact,Gloves  - Competitor Brand - Exact,copper compression,exact,0,1,0.4,0,0,1,0,0,1,10,0,0,0,0,0,0,0.0,0,0,0,0.0,0,0,0.0,2,7,3,25,1
315,2022-10-23,Gloves  - Competitor Brand - Exact,Gloves  - Competitor Brand - Exact,copper compression,phrase,0,2,0.82,0,0,2,0,0,2,20,0,0,0,0,0,42,0.0,0,0,0,0.0,0,0,0.0,2,7,3,25,2
316,2022-10-23,Gloves - SP - Cerebro - Broad,Cerebro - Broad,pressure glove,broad,0,7,4.760000000000001,0,0,7,0,0,7,140,0,7,0,0,10,972,10.21,1,1,2,31.88,0,2,31.88,2,9,0,61,0
317,2022-10-23,Gloves - SP - Cerebro - Phrase,Cerebro - Phrase,arthriti compression,phrase,0,1,0.36,0,0,1,0,0,1,25,0,1,0,0,0,5,0.0,0,0,0,0.0,0,0,0.0,2,11,1,6,2
318,2022-10-23,Gloves - SP - Cerebro - Phrase,Cerebro - Phrase,arthriti glove,phrase,0,6,2.16,0,0,6,0,0,6,150,0,6,0,0,10,4034,6.6899999999999995,2,2,2,26.98,0,2,26.98,2,11,1,8,2
319,2022-10-23,Gloves - SP - Exact - Brand Defense Keywords - GS,Gloves - SP - Exact - Brand Defense Keywords - GS,compression gloves fititude,exact,0,1,3.13,0,0,1,0,0,1,45,0,0,0,0,1,2,4.51,1,2,2,26.98,0,2,26.98,3,12,5,18,1
320,2022-10-23,Gloves - SP - Exact - Brand Defense Keywords - GS,Gloves - SP - Exact - Brand Defense Keywords - GS,fititude gloves,exact,0,1,6.8,0,0,1,0,0,1,45,0,0,0,0,0,2,0.0,0,0,0,0.0,0,0,0.0,2,12,5,40,1
321,2022-10-23,Gloves - SP - Exact - Brand Defense Keywords - GS,Gloves - SP - Exact - Brand Defense Keywords - GS,fititude infused copper pair of compression gloves,exact,0,3,14.700000000000001,0,0,3,0,0,3,135,0,0,0,0,0,3,0.0,0,0,0,0.0,0,0,0.0,7,12,5,41,1
322,2022-10-23,Gloves - SP - KW - MIX - Discovery,gloves,arthritis gloves for women for pain,exact,0,3,0.81,0,0,3,0,0,3,105,0,0,0,0,0,20,0.0,0,0,0,0.0,0,0,0.0,6,13,18,11,1
323,2022-10-23,Gloves - SP - KW - MIX - Discovery,gloves,arthritis gloves for women for pain,phrase,0,3,0.81,0,0,3,0,0,3,105,0,0,0,0,0,5,0.0,0,0,0,0.0,0,0,0.0,6,13,18,11,2
324,2022-10-23,Gloves - SP - KW - MIX - Discovery,gloves,compression gloves for arthritis for women,exact,0,1,0.27,0,0,1,0,0,1,35,0,0,0,0,0,0,0.0,0,0,0,0.0,0,0,0.0,6,13,18,19,1
325,2022-10-23,Gloves - SP - Top Keywords,Top Keywords,gloves for swelling,phrase,0,7,4.34,0,0,7,0,0,7,210,0,7,0,0,6,180,4.59,1,1,1,15.94,0,1,15.94,3,14,12,46,2
326,2022-10-23,Gloves - SP - manual,exact,edema glove left hand,exact,0,1,0.38,0,0,1,0,0,1,100,0,1,0,0,0,2,0.0,0,0,0,0.0,0,0,0.0,4,15,17,35,1
327,2022-10-23,Gloves - SP - manual,exact,finger support arthritis,exact,0,6,3.4799999999999995,0,0,6,0,0,6,600,0,6,0,0,0,28,0.0,0,0,0,0.0,0,0,0.0,3,15,17,37,1
328,2022-10-30,Brace - SP - BBM,bbm,+tendonitis +wrist,broad,0,7,4.62,0,0,7,0,0,7,210,0,7,0,0,0,178,0.0,0,0,0,0.0,0,0,0.0,2,0,14,3,0
329,2022-10-30,Brace - SP - Broad - Generic - GS,Generic Keywords,gaming wrist brace,broad,0,1,0.31,0,0,1,0,0,1,20,0,1,0,0,0,0,0.0,0,0,0,0.0,0,0,0.0,3,1,2,43,0
330,2022-10-30,Brace - SP - Broad - Generic - GS,Generic Keywords,medical wrist brace,broad,0,1,0.8,0,0,1,0,0,1,20,0,1,0,0,0,1,0.0,0,0,0,0.0,0,0,0.0,3,1,2,56,0
331,2022-10-30,Brace - SP - Broad - Generic - GS,Generic Keywords,wrist wrap injury,broad,0,5,1.1500000000000001,0,0,5,0,0,5,100,0,5,0,0,0,0,0.0,0,0,0,0.0,0,0,0.0,3,1,2,100,0
332,2022-10-30,Brace - SP - Broad - Injury KW - GS,Injury,injury brace,broad,0,4,2.72,0,0,4,0,0,4,100,0,0,0,0,0,3,0.0,0,0,0,0.0,0,0,0.0,2,2,6,52,0
333,2022-10-30,Brace - SP - Broad - Injury KW - GS,Tendinitis,brace tendonitis,broad,0,3,1.92,0,0,3,0,0,3,75,0,0,0,0,1,147,0.9,0,0,0,0.0,0,0,0.0,2,2,11,13,0
334,2022-10-30,Brace - SP - Exact - Generic - GS,Generic Keywords,compression wrist support,exact,0,1,0.33,0,0,1,0,0,1,20,0,0,0,0,0,1,0.0,0,0,0,0.0,0,0,0.0,3,4,2,24,1
335,2022-10-30,Brace - SP - Exact - Generic - GS,Generic Keywords,hand wrist,exact,0,1,0.41,0,0,1,0,0,1,20,0,0,0,0,0,1,0.0,0,0,0,0.0,0,0,0.0,2,4,2,51,1
336,2022-10-30,Brace - SP - Exact - Generic - GS,Generic Keywords,wrist braces,exact,0,3,1.02,0,0,3,0,0,3,60,0,0,0,0,0,15,0.0,0,0,0,0.0,0,0,0.0,2,4,2,85,1
337,2022-10-30,Brace - SP - Exact - Generic - GS,Generic Keywords,wrist support,exact,0,1,0.43,0,0,1,0,0,1,20,0,0,0,0,0,3,0.0,0,0,0,0.0,0,0,0.0,2,4,2,98,1
338,2022-10-30,Brace - SP - Exact - Generic - GS,Generic Keywords,wrist support for small wrists,exact,0,1,0.3,0,0,1,0,0,1,20,0,0,0,0,0,0,0.0,0,0,0,0.0,0,0,0.0,5,4,2,99,1
339,2022-10-30,Brace - SP - Exact - Injury KW - GS,Sprains,wrist brace for sprained wrist,exact,0,7,3.5700000000000003,0,0,7,0,0,7,140,0,0,0,0,2,26,1.46,0,0,0,0.0,0,0,0.0,5,5,10,82,1
340,2022-10-30,Catch all grouped,brace,wrist copper,broad,0,6,0.6000000000000001,0,0,6,0,0,6,120,0,0,0,0,0,38,0.0,0,0,0,0.0,0,0,0.0,2,6,15,87,0
341,2022-10-30,Catch all grouped,brace,wrist copper,phrase,0,1,0.1,0,0,1,0,0,1,20,0,0,0,0,0,2,0.0,0,0,0,0.0,0,0,0.0,2,6,15,87,2
342,2022-10-30,Gloves  - Competitor Brand - Exact,Gloves  - Competitor Brand - Exact,ace gloves,phrase,0,1,0.41,0,0,1,0,0,1,10,0,0,0,0,0,0,0.0,0,0,0,0.0,0,0,0.0,2,7,3,4,2
343,2022-10-30,Gloves  - Competitor Brand - Exact,Gloves  - Competitor Brand - Exact,copper compression,exact,0,3,1.2000000000000002,0,0,3,0,0,3,30,0,0,0,0,0,0,0.0,0,0,0,0.0,0,0,0.0,2,7,3,25,1
344,2022-10-30,Gloves  - Competitor Brand - Exact,Gloves  - Competitor Brand - Exact,copper compression,phrase,0,3,1.23,0,0,3,0,0,3,30,0,0,0,0,0,38,0.0,0,0,0,0.0,0,0,0.0,2,7,3,25,2
345,2022-10-30,Gloves - SP - Cerebro - Amazons Choice - Exact,Gloves - SP - Cerebro - Amazons Choice - Exact,copper fit gloves for men,exact,0,2,0.66,0,0,2,0,0,2,40,0,2,0,0,0,42,0.0,0,0,0,0.0,0,0,0.0,5,8,4,29,1
346,2022-10-30,Gloves - SP - Cerebro - Amazons Choice - Exact,Gloves - SP - Cerebro - Amazons Choice - Exact,sewing gloves,exact,0,3,1.2000000000000002,0,0,3,0,0,3,60,0,3,0,0,0,3,0.0,0,0,0,0.0,0,0,0.0,2,8,4,65,1
347,2022-10-30,Gloves - SP - Cerebro - Amazons Choice - Exact,Gloves - SP - Cerebro - Amazons Choice - Exact,typing gloves for cold hands,exact,0,2,1.02,0,0,2,0,0,2,40,0,2,0,0,0,7,0.0,0,0,0,0.0,0,0,0.0,5,8,4,79,1
348,2022-10-30,Gloves - SP - Cerebro - Broad,Cerebro - Broad,compression hand arm sleeves for women,broad,0,2,0.9,0,0,2,0,0,2,40,0,2,0,0,0,2,0.0,0,0,0,0.0,0,0,0.0,6,9,0,21,0
349,2022-10-30,Gloves - SP - Cerebro - Broad,Cerebro - Broad,copper finger glove,broad,0,1,0.29,0,0,1,0,0,1,20,0,1,0,0,0,2,0.0,0,0,0,0.0,0,0,0.0,3,9,0,26,0
350,2022-10-30,Gloves - SP - Cerebro - Broad,Cerebro - Broad,pressure glove,broad,0,4,2.72,0,0,4,0,0,4,80,0,4,0,0,3,295,3.31,1,1,1,15.94,0,1,15.94,2,9,0,61,0
351,2022-10-30,Gloves - SP - Cerebro - Phrase,Cerebro - Phrase,arthriti glove,phrase,0,7,2.52,0,0,7,0,0,7,175,0,7,0,0,9,3015,5.82,0,0,0,0.0,0,0,0.0,2,11,1,8,2
352,2022-10-30,Gloves - SP - Exact - Brand Defense Keywords - GS,Gloves - SP - Exact - Brand Defense Keywords - GS,compression gloves fititude,exact,0,1,3.13,0,0,1,0,0,1,45,0,0,0,0,0,0,0.0,0,0,0,0.0,0,0,0.0,3,12,5,18,1
353,2022-10-30,Gloves - SP - Exact - Brand Defense Keywords - GS,Gloves - SP - Exact - Brand Defense Keywords - GS,fititude gloves,exact,0,4,27.2,0,0,4,0,0,4,180,0,0,0,0,0,5,0.0,0,0,0,0.0,0,0,0.0,2,12,5,40,1
354,2022-10-30,Gloves - SP - Exact - Brand Defense Keywords - GS,Gloves - SP - Exact - Brand Defense Keywords - GS,fititude infused copper pair of compression gloves,exact,0,2,9.8,0,0,2,0,0,2,90,0,0,0,0,0,3,0.0,0,0,0,0.0,0,0,0.0,7,12,5,41,1
355,2022-10-30,Gloves - SP - KW - MIX - Discovery,gloves,arthritis gloves for women for pain,exact,0,5,1.35,0,0,5,0,0,5,175,0,0,0,0,0,47,0.0,0,0,0,0.0,0,0,0.0,6,13,18,11,1
356,2022-10-30,Gloves - SP - KW - MIX - Discovery,gloves,arthritis gloves for women for pain,phrase,0,2,0.54,0,0,2,0,0,2,70,0,0,0,0,0,3,0.0,0,0,0,0.0,0,0,0.0,6,13,18,11,2
357,2022-10-30,Gloves - SP - Top Keywords,Top Keywords,gloves for swelling,phrase,0,7,4.34,0,0,7,0,0,7,210,0,7,0,0,6,132,5.66,1,1,1,15.94,0,1,15.94,3,14,12,46,2
358,2022-10-30,Gloves - SP - manual,exact,edema glove left hand,exact,0,1,0.38,0,0,1,0,0,1,100,0,1,0,0,0,14,0.0,0,0,0,0.0,0,0,0.0,4,15,17,35,1
359,2022-10-30,Gloves - SP - manual,exact,finger support arthritis,exact,0,6,3.4799999999999995,0,0,6,0,0,6,600,0,6,0,0,1,58,1.35,1,1,1,15.94,0,1,15.94,3,15,17,37,1
360,2022-11-06,Brace - SP - BBM,bbm,+tendonitis +wrist,broad,0,7,4.62,0,0,7,0,0,7,210,0,7,0,0,4,593,3.9699999999999998,2,2,2,31.88,0,2,31.88,2,0,14,3,0
361,2022-11-06,Brace - SP - Broad - Generic - GS,Generic Keywords,medical wrist brace,broad,0,4,3.2,0,0,4,0,0,4,80,0,4,0,0,0,13,0.0,0,0,0,0.0,0,0,0.0,3,1,2,56,0
362,2022-11-06,Brace - SP - Broad - Generic - GS,Generic Keywords,wrist wrap injury,broad,0,3,0.6900000000000001,0,0,3,0,0,3,60,0,3,0,0,0,0,0.0,0,0,0,0.0,0,0,0.0,3,1,2,100,0
363,2022-11-06,Brace - SP - Broad - Injury KW - GS,Tendinitis,brace tendonitis,broad,0,3,1.92,0,0,3,0,0,3,75,0,0,0,0,0,84,0.0,0,0,0,0.0,0,0,0.0,2,2,11,13,0
364,2022-11-06,Brace - SP - Broad - Injury KW - GS,Tendinitis,tendonitis,broad,0,1,0.58,0,0,1,0,0,1,25,0,0,0,0,0,35,0.0,0,0,0,0.0,0,0,0.0,1,2,11,74,0
365,2022-11-06,Brace - SP - Broad - Injury KW - GS,Tendinitis,tendonitis wrist brace for women,broad,0,3,2.58,0,0,3,0,0,3,75,0,0,0,0,0,11,0.0,0,0,0,0.0,0,0,0.0,5,2,11,75,0
366,2022-11-06,Brace - SP - Competitor manual,brace,night wrist brace,broad,0,4,1.04,0,0,4,0,0,4,80,0,0,0,0,0,4,0.0,0,0,0,0.0,0,0,0.0,3,3,15,59,0
367,2022-11-06,Brace - SP - Exact - Generic - GS,Generic Keywords,wrist compression,exact,0,1,0.43,0,0,1,0,0,1,20,0,0,0,0,0,1,0.0,0,0,0,0.0,0,0,0.0,2,4,2,86,1
368,2022-11-06,Brace - SP - Exact - Generic - GS,Generic Keywords,wrist support,exact,0,5,2.15,0,0,5,0,0,5,100,0,0,0,0,0,10,0.0,0,0,0,0.0,0,0,0.0,2,4,2,98,1
369,2022-11-06,Brace - SP - Exact - Injury KW - GS,Sprains,wrist brace for sprained wrist,exact,0,5,2.55,0,0,5,0,0,5,100,0,0,0,0,0,5,0.0,0,0,0,0.0,0,0,0.0,5,5,10,82,1
370,2022-11-06,Catch all grouped,brace,comfybrace,phrase,0,2,0.28,0,0,2,0,0,2,40,0,0,0,0,0,0,0.0,0,0,0,0.0,0,0,0.0,1,6,15,16,2
371,2022-11-06,Catch all grouped,brace,edema glove,phrase,0,1,0.1,0,0,1,0,0,1,20,0,0,0,0,0,0,0.0,0,0,0,0.0,0,0,0.0,2,6,15,34,2
372,2022-11-06,Catch all grouped,brace,wrist copper,broad,0,3,0.30000000000000004,0,0,3,0,0,3,60,0,0,0,0,0,8,0.0,0,0,0,0.0,0,0,0.0,2,6,15,87,0
373,2022-11-06,Catch all grouped,brace,wrist copper,phrase,0,1,0.1,0,0,1,0,0,1,20,0,0,0,0,0,2,0.0,0,0,0,0.0,0,0,0.0,2,6,15,87,2
374,2022-11-06,Gloves  - Competitor Brand - Exact,Gloves  - Competitor Brand - Exact,ace gloves,phrase,0,2,0.82,0,0,2,0,0,2,20,0,0,0,0,0,0,0.0,0,0,0,0.0,0,0,0.0,2,7,3,4,2
375,2022-11-06,Gloves  - Competitor Brand - Exact,Gloves  - Competitor Brand - Exact,copper compression,exact,0,5,2.0,0,0,5,0,0,5,50,0,0,0,0,0,0,0.0,0,0,0,0.0,0,0,0.0,2,7,3,25,1
376,2022-11-06,Gloves - SP - Cerebro - Amazons Choice - Exact,Gloves - SP - Cerebro - Amazons Choice - Exact,sewing gloves,exact,0,5,2.0,0,0,5,0,0,5,100,0,5,0,0,0,5,0.0,0,0,0,0.0,0,0,0.0,2,8,4,65,1
377,2022-11-06,Gloves - SP - Cerebro - Amazons Choice - Exact,Gloves - SP - Cerebro - Amazons Choice - Exact,typing gloves for cold hands,exact,0,2,1.02,0,0,2,0,0,2,40,0,2,0,0,0,70,0.0,0,0,0,0.0,0,0,0.0,5,8,4,79,1
378,2022-11-06,Gloves - SP - Cerebro - Broad,Cerebro - Broad,compression hand arm sleeves for women,broad,0,4,1.8,0,0,4,0,0,4,80,0,4,0,0,1,9,0.72,0,0,0,0.0,0,0,0.0,6,9,0,21,0
379,2022-11-06,Gloves - SP - Cerebro - Broad,Cerebro - Broad,compression socks for hand,broad,0,2,0.58,0,0,2,0,0,2,40,0,2,0,0,0,2,0.0,0,0,0,0.0,0,0,0.0,4,9,0,22,0
380,2022-11-06,Gloves - SP - Cerebro - Broad,Cerebro - Broad,copper fingerless glove for women,broad,0,1,0.29,0,0,1,0,0,1,20,0,1,0,0,0,1,0.0,0,0,0,0.0,0,0,0.0,5,9,0,27,0
381,2022-11-06,Gloves - SP - Cerebro - Phrase,Cerebro - Phrase,arthriti compression,phrase,0,1,0.36,0,0,1,0,0,1,25,0,1,0,0,0,3,0.0,0,0,0,0.0,0,0,0.0,2,11,1,6,2
382,2022-11-06,Gloves - SP - Cerebro - Phrase,Cerebro - Phrase,arthriti glove,phrase,0,6,2.16,0,0,6,0,0,6,150,0,6,0,0,4,2622,2.81,0,0,0,0.0,0,0,0.0,2,11,1,8,2
383,2022-11-06,Gloves - SP - Exact - Brand Defense Keywords - GS,Gloves - SP - Exact - Brand Defense Keywords - GS,fititude,exact,0,3,24.450000000000003,0,0,3,0,0,3,135,0,0,0,0,2,5,0.48,2,2,2,29.43,0,2,29.43,1,12,5,38,1
384,2022-11-06,Gloves - SP - Exact - Brand Defense Keywords - GS,Gloves - SP - Exact - Brand Defense Keywords - GS,fititude infused copper pair of compression gloves,exact,0,4,19.6,0,0,4,0,0,4,180,0,0,0,0,0,6,0.0,0,0,0,0.0,0,0,0.0,7,12,5,41,1
385,2022-11-06,Gloves - SP - KW - MIX - Discovery,gloves,arthritis gloves for women for pain,exact,0,3,0.81,0,0,3,0,0,3,105,0,0,0,0,1,131,0.33,0,0,0,0.0,0,0,0.0,6,13,18,11,1
386,2022-11-06,Gloves - SP - KW - MIX - Discovery,gloves,arthritis gloves for women for pain,phrase,0,4,1.08,0,0,4,0,0,4,140,0,0,0,0,0,5,0.0,0,0,0,0.0,0,0,0.0,6,13,18,11,2
387,2022-11-06,Gloves - SP - Top Keywords,Top Keywords,gloves for swelling,phrase,0,7,4.34,0,0,7,0,0,7,210,0,7,0,0,2,96,1.79,0,0,0,0.0,0,0,0.0,3,14,12,46,2
388,2022-11-06,Gloves - SP - manual,exact,finger support arthritis,exact,0,7,4.06,0,0,7,0,0,7,700,0,7,0,0,2,128,2.59,0,0,0,0.0,0,0,0.0,3,15,17,37,1
389,2022-11-13,Brace - SP - BBM,bbm,+tendonitis +wrist,broad,0,7,4.62,0,0,7,0,0,7,210,0,7,0,0,8,1904,8.459999999999999,0,0,0,0.0,0,0,0.0,2,0,14,3,0
390,2022-11-13,Brace - SP - Broad - Generic - GS,Generic Keywords,gaming wrist brace,broad,0,2,0.62,0,0,2,0,0,2,40,0,2,0,0,0,0,0.0,0,0,0,0.0,0,0,0.0,3,1,2,43,0
391,2022-11-13,Brace - SP - Broad - Generic - GS,Generic Keywords,medical wrist brace,broad,0,4,3.2,0,0,4,0,0,4,80,0,4,0,0,1,4,1.22,0,0,0,0.0,0,0,0.0,3,1,2,56,0
392,2022-11-13,Brace - SP - Broad - Generic - GS,Generic Keywords,wrist wrap injury,broad,0,1,0.23,0,0,1,0,0,1,20,0,1,0,0,0,0,0.0,0,0,0,0.0,0,0,0.0,3,1,2,100,0
393,2022-11-13,Brace - SP - Broad - Injury KW - GS,Tendinitis,brace tendonitis,broad,0,4,2.56,0,0,4,0,0,4,100,0,0,0,0,1,167,0.9,1,1,1,15.94,0,1,15.94,2,2,11,13,0
394,2022-11-13,Brace - SP - Broad - Injury KW - GS,Tendinitis,tendonitis wrist brace for women,broad,0,3,2.58,0,0,3,0,0,3,75,0,0,0,0,0,4,0.0,0,0,0,0.0,0,0,0.0,5,2,11,75,0
395,2022-11-13,Brace - SP - Competitor manual,brace,night wrist brace,broad,0,2,0.52,0,0,2,0,0,2,40,0,0,0,0,0,2,0.0,0,0,0,0.0,0,0,0.0,3,3,15,59,0
396,2022-11-13,Brace - SP - Exact - Generic - GS,Generic Keywords,wrist compression,exact,0,3,1.29,0,0,3,0,0,3,60,0,0,0,0,0,1,0.0,0,0,0,0.0,0,0,0.0,2,4,2,86,1
397,2022-11-13,Brace - SP - Exact - Generic - GS,Generic Keywords,wrist immobilizer,exact,0,1,0.43,0,0,1,0,0,1,20,0,0,0,0,0,0,0.0,0,0,0,0.0,0,0,0.0,2,4,2,88,1
398,2022-11-13,Brace - SP - Exact - Generic - GS,Generic Keywords,wrist support,exact,0,1,0.43,0,0,1,0,0,1,20,0,0,0,0,0,6,0.0,0,0,0,0.0,0,0,0.0,2,4,2,98,1
399,2022-11-13,Brace - SP - Exact - Generic - GS,Generic Keywords,wrist wrap injury,exact,0,1,0.3,0,0,1,0,0,1,20,0,0,0,0,0,0,0.0,0,0,0,0.0,0,0,0.0,3,4,2,100,1
400,2022-11-13,Brace - SP - Exact - Generic - GS,Left,left wrist brace women,exact,0,1,0.3,0,0,1,0,0,1,20,0,0,0,0,0,2,0.0,0,0,0,0.0,0,0,0.0,4,4,7,55,1
401,2022-11-13,Brace - SP - Exact - Injury KW - GS,Sprains,wrist brace for sprained wrist,exact,0,2,1.02,0,0,2,0,0,2,40,0,0,0,0,0,1,0.0,0,0,0,0.0,0,0,0.0,5,5,10,82,1
402,2022-11-13,Catch all grouped,brace,wrist copper,broad,0,7,0.7000000000000001,0,0,7,0,0,7,140,0,0,0,0,0,20,0.0,0,0,0,0.0,0,0,0.0,2,6,15,87,0
403,2022-11-13,Gloves  - Competitor Brand - Exact,Gloves  - Competitor Brand - Exact,copper compression,exact,0,6,2.4000000000000004,0,0,6,0,0,6,60,0,0,0,0,0,1,0.0,0,0,0,0.0,0,0,0.0,2,7,3,25,1
404,2022-11-13,Gloves  - Competitor Brand - Exact,Gloves  - Competitor Brand - Exact,copper compression,phrase,0,1,0.41,0,0,1,0,0,1,10,0,0,0,0,0,5,0.0,0,0,0,0.0,0,0,0.0,2,7,3,25,2
405,2022-11-13,Gloves - SP - Cerebro - Amazons Choice - Exact,Gloves - SP - Cerebro - Amazons Choice - Exact,sewing gloves,exact,0,2,0.8,0,0,2,0,0,2,40,0,2,0,0,0,1,0.0,0,0,0,0.0,0,0,0.0,2,8,4,65,1
406,2022-11-13,Gloves - SP - Cerebro - Amazons Choice - Exact,Gloves - SP - Cerebro - Amazons Choice - Exact,the gamer gloves,exact,0,1,0.51,0,0,1,0,0,1,20,0,1,0,0,0,2,0.0,0,0,0,0.0,0,0,0.0,3,8,4,76,1
407,2022-11-13,Gloves - SP - Cerebro - Amazons Choice - Exact,Gloves - SP - Cerebro - Amazons Choice - Exact,typing gloves for cold hands,exact,0,4,2.04,0,0,4,0,0,4,80,0,4,0,0,0,21,0.0,0,0,0,0.0,0,0,0.0,5,8,4,79,1
408,2022-11-13,Gloves - SP - Cerebro - Broad,Cerebro - Broad,compression socks for hand,broad,0,2,0.58,0,0,2,0,0,2,40,0,2,0,0,0,3,0.0,0,0,0,0.0,0,0,0.0,4,9,0,22,0
409,2022-11-13,Gloves - SP - Cerebro - Broad,Cerebro - Broad,copper finger glove,broad,0,5,1.45,0,0,5,0,0,5,100,0,5,0,0,0,11,0.0,0,0,0,0.0,0,0,0.0,3,9,0,26,0
410,2022-11-13,Gloves - SP - Cerebro - Phrase,Cerebro - Phrase,arthriti compression,phrase,0,2,0.72,0,0,2,0,0,2,50,0,2,0,0,0,1,0.0,0,0,0,0.0,0,0,0.0,2,11,1,6,2
411,2022-11-13,Gloves - SP - Cerebro - Phrase,Cerebro - Phrase,arthriti glove,phrase,0,5,1.7999999999999998,0,0,5,0,0,5,125,0,5,0,0,1,253,0.65,0,0,0,0.0,0,0,0.0,2,11,1,8,2
412,2022-11-13,Gloves - SP - Exact - Brand Defense Keywords - GS,Gloves - SP - Exact - Brand Defense Keywords - GS,fititude compression gloves,exact,0,1,6.83,0,0,1,0,0,1,45,0,0,0,0,0,1,0.0,0,0,0,0.0,0,0,0.0,3,12,5,39,1
413,2022-11-13,Gloves - SP - Exact - Brand Defense Keywords - GS,Gloves - SP - Exact - Brand Defense Keywords - GS,fititude gloves,exact,0,2,13.6,0,0,2,0,0,2,90,0,0,0,0,1,6,4.22,0,0,0,0.0,0,0,0.0,2,12,5,40,1
414,2022-11-13,Gloves - SP - Exact - Brand Defense Keywords - GS,Gloves - SP - Exact - Brand Defense Keywords - GS,fititude infused copper pair of compression gloves,exact,0,4,19.6,0,0,4,0,0,4,180,0,0,0,0,0,9,0.0,0,0,0,0.0,0,0,0.0,7,12,5,41,1
415,2022-11-13,Gloves - SP - KW - MIX - Discovery,gloves,arthritis gloves for women for pain,exact,0,7,1.8900000000000001,0,0,7,0,0,7,245,0,0,0,0,0,170,0.0,0,0,0,0.0,0,0,0.0,6,13,18,11,1
416,2022-11-13,Gloves - SP - Top Keywords,Top Keywords,gloves for swelling,exact,0,1,0.4,0,0,1,0,0,1,30,0,1,0,0,0,1,0.0,0,0,0,0.0,0,0,0.0,3,14,12,46,1
417,2022-11-13,Gloves - SP - Top Keywords,Top Keywords,gloves for swelling,phrase,0,4,2.48,0,0,4,0,0,4,120,0,4,0,0,1,33,0.64,0,0,0,0.0,0,0,0.0,3,14,12,46,2
418,2022-11-13,Gloves - SP - Top Keywords,Top Keywords,hand support glove pain,exact,0,2,0.52,0,0,2,0,0,2,60,0,2,0,0,0,1,0.0,0,0,0,0.0,0,0,0.0,4,14,12,50,1
419,2022-11-13,Gloves - SP - manual,exact,edema glove left hand,exact,0,1,0.38,0,0,1,0,0,1,100,0,1,0,0,0,4,0.0,0,0,0,0.0,0,0,0.0,4,15,17,35,1
420,2022-11-13,Gloves - SP - manual,exact,finger support arthritis,exact,0,6,3.4799999999999995,0,0,6,0,0,6,600,0,6,0,0,1,50,1.48,0,0,0,0.0,0,0,0.0,3,15,17,37,1
421,2022-11-20,Brace - SP - BBM,bbm,+tendonitis +wrist,broad,0,9,5.94,0,0,9,0,0,9,270,0,9,0,0,1,324,0.82,0,0,0,0.0,0,0,0.0,2,0,14,3,0
422,2022-11-20,Brace - SP - Broad - Generic - GS,Generic Keywords,medical wrist brace,broad,0,8,6.4,0,0,8,0,0,8,160,0,8,0,0,0,7,0.0,0,0,0,0.0,0,0,0.0,3,1,2,56,0
423,2022-11-20,Brace - SP - Broad - Generic - GS,Generic Keywords,sport wrist brace,broad,0,1,0.8,0,0,1,0,0,1,20,0,1,0,0,0,0,0.0,0,0,0,0.0,0,0,0.0,3,1,2,68,0
424,2022-11-20,Brace - SP - Broad - Injury KW - GS,Injury,injury brace,broad,0,1,0.68,0,0,1,0,0,1,25,0,0,0,0,0,0,0.0,0,0,0,0.0,0,0,0.0,2,2,6,52,0
425,2022-11-20,Brace - SP - Broad - Injury KW - GS,Tendinitis,brace tendonitis,broad,0,2,1.28,0,0,2,0,0,2,50,0,0,0,0,0,10,0.0,0,0,0,0.0,0,0,0.0,2,2,11,13,0
426,2022-11-20,Brace - SP - Broad - Injury KW - GS,Tendinitis,tendonitis wrist brace for women,broad,0,6,5.16,0,0,6,0,0,6,150,0,0,0,0,0,1,0.0,0,0,0,0.0,0,0,0.0,5,2,11,75,0
427,2022-11-20,Brace - SP - Exact - Generic - GS,Generic Keywords,wrist compression,exact,0,2,0.86,0,0,2,0,0,2,40,0,0,0,0,0,1,0.0,0,0,0,0.0,0,0,0.0,2,4,2,86,1
428,2022-11-20,Brace - SP - Exact - Generic - GS,Generic Keywords,wrist immobilizer,exact,0,1,0.43,0,0,1,0,0,1,20,0,0,0,0,0,0,0.0,0,0,0,0.0,0,0,0.0,2,4,2,88,1
429,2022-11-20,Brace - SP - Exact - Generic - GS,Generic Keywords,wrist support,exact,0,2,0.86,0,0,2,0,0,2,40,0,0,0,0,0,0,0.0,0,0,0,0.0,0,0,0.0,2,4,2,98,1
430,2022-11-20,Brace - SP - Exact - Generic - GS,Generic Keywords,wrist wrap injury,exact,0,2,0.6,0,0,2,0,0,2,40,0,0,0,0,0,0,0.0,0,0,0,0.0,0,0,0.0,3,4,2,100,1
431,2022-11-20,Brace - SP - Exact - Injury KW - GS,Pain,wrist bandage pain,exact,0,1,0.51,0,0,1,0,0,1,20,0,0,0,0,0,0,0.0,0,0,0,0.0,0,0,0.0,3,5,8,81,1
432,2022-11-20,Brace - SP - Exact - Injury KW - GS,Sprains,sprained wrist brace,exact,0,1,0.51,0,0,1,0,0,1,20,0,0,0,0,0,1,0.0,0,0,0,0.0,0,0,0.0,3,5,10,69,1
433,2022-11-20,Brace - SP - Exact - Injury KW - GS,Sprains,sprained wrist brace for women,exact,0,2,1.02,0,0,2,0,0,2,40,0,0,0,0,0,0,0.0,0,0,0,0.0,0,0,0.0,5,5,10,71,1
434,2022-11-20,Brace - SP - Exact - Injury KW - GS,Sprains,wrist brace for sprained wrist,exact,0,1,0.51,0,0,1,0,0,1,20,0,0,0,0,0,1,0.0,0,0,0,0.0,0,0,0.0,5,5,10,82,1
435,2022-11-20,Catch all grouped,brace,comfybrace,phrase,0,3,0.42000000000000004,0,0,3,0,0,3,60,0,0,0,0,0,0,0.0,0,0,0,0.0,0,0,0.0,1,6,15,16,2
436,2022-11-20,Catch all grouped,brace,edema glove,phrase,0,1,0.1,0,0,1,0,0,1,20,0,0,0,0,0,1,0.0,0,0,0,0.0,0,0,0.0,2,6,15,34,2
437,2022-11-20,Catch all grouped,brace,wrist copper,broad,0,5,0.5,0,0,5,0,0,5,100,0,0,0,0,0,8,0.0,0,0,0,0.0,0,0,0.0,2,6,15,87,0
438,2022-11-20,Gloves  - Competitor Brand - Exact,Gloves  - Competitor Brand - Exact,copper compression,broad,0,1,0.4,0,0,1,0,0,1,10,0,0,0,0,0,0,0.0,0,0,0,0.0,0,0,0.0,2,7,3,25,0
439,2022-11-20,Gloves  - Competitor Brand - Exact,Gloves  - Competitor Brand - Exact,copper compression,exact,0,8,3.2,0,0,8,0,0,8,80,0,0,0,0,0,0,0.0,0,0,0,0.0,0,0,0.0,2,7,3,25,1
440,2022-11-20,Gloves - SP - Cerebro - Amazons Choice - Exact,Gloves - SP - Cerebro - Amazons Choice - Exact,gloves for typing in cold office,exact,0,1,0.51,0,0,1,0,0,1,20,0,1,0,0,0,2,0.0,0,0,0,0.0,0,0,0.0,6,8,4,47,1
441,2022-11-20,Gloves - SP - Cerebro - Amazons Choice - Exact,Gloves - SP - Cerebro - Amazons Choice - Exact,sewing gloves,exact,0,2,0.8,0,0,2,0,0,2,40,0,2,0,0,0,2,0.0,0,0,0,0.0,0,0,0.0,2,8,4,65,1
442,2022-11-20,Gloves - SP - Cerebro - Amazons Choice - Exact,Gloves - SP - Cerebro - Amazons Choice - Exact,typing gloves for cold hands,exact,0,6,3.06,0,0,6,0,0,6,120,0,6,0,0,0,35,0.0,0,0,0,0.0,0,0,0.0,5,8,4,79,1
443,2022-11-20,Gloves - SP - Cerebro - Broad,Cerebro - Broad,carpal tunnel gloves,broad,0,1,0.22,0,0,1,0,0,1,20,0,1,0,0,0,0,0.0,0,0,0,0.0,0,0,0.0,3,9,0,15,0
444,2022-11-20,Gloves - SP - Cerebro - Broad,Cerebro - Broad,copper finger glove,broad,0,4,1.16,0,0,4,0,0,4,80,0,4,0,0,0,2,0.0,0,0,0,0.0,0,0,0.0,3,9,0,26,0
445,2022-11-20,Gloves - SP - Cerebro - Broad,Cerebro - Broad,copper fingerless glove for women,broad,0,2,0.58,0,0,2,0,0,2,40,0,2,0,0,0,0,0.0,0,0,0,0.0,0,0,0.0,5,9,0,27,0
446,2022-11-20,Gloves - SP - Cerebro - Broad,Cerebro - Broad,copper fit gloves,broad,0,1,0.29,0,0,1,0,0,1,20,0,1,0,0,0,1,0.0,0,0,0,0.0,0,0,0.0,3,9,0,28,0
447,2022-11-20,Gloves - SP - Cerebro - Broad,Cerebro - Broad,pressure glove,broad,0,1,0.68,0,0,1,0,0,1,20,0,1,0,0,0,6,0.0,0,0,0,0.0,0,0,0.0,2,9,0,61,0
448,2022-11-20,Gloves - SP - Cerebro - Phrase,Cerebro - Phrase,arthriti compression,phrase,0,3,1.08,0,0,3,0,0,3,75,0,3,0,0,0,1,0.0,0,0,0,0.0,0,0,0.0,2,11,1,6,2
449,2022-11-20,Gloves - SP - Cerebro - Phrase,Cerebro - Phrase,arthriti pain,phrase,0,4,1.4,0,0,4,0,0,4,100,0,4,0,0,0,18,0.0,0,0,0,0.0,0,0,0.0,2,11,1,9,2
450,2022-11-20,Gloves - SP - Cerebro - Phrase,Cerebro - Phrase,arthriti pain relief,phrase,0,1,0.25,0,0,1,0,0,1,25,0,1,0,0,0,1,0.0,0,0,0,0.0,0,0,0.0,3,11,1,10,2
451,2022-11-20,Gloves - SP - Cerebro - Phrase,Cerebro - Phrase,compression glove,phrase,0,1,0.47,0,0,1,0,0,1,25,0,1,0,0,0,8,0.0,0,0,0,0.0,0,0,0.0,2,11,1,17,2
452,2022-11-20,Gloves - SP - Exact - Brand Defense Keywords - GS,Gloves - SP - Exact - Brand Defense Keywords - GS,fititude,exact,0,2,16.3,0,0,2,0,0,2,90,0,0,0,0,1,2,0.07,0,0,0,0.0,0,0,0.0,1,12,5,38,1
453,2022-11-20,Gloves - SP - Exact - Brand Defense Keywords - GS,Gloves - SP - Exact - Brand Defense Keywords - GS,fititude gloves,exact,0,2,13.6,0,0,2,0,0,2,90,0,0,0,0,1,2,2.8,1,1,1,15.94,0,1,15.94,2,12,5,40,1
454,2022-11-20,Gloves - SP - Exact - Brand Defense Keywords - GS,Gloves - SP - Exact - Brand Defense Keywords - GS,fititude infused copper pair of compression gloves,exact,0,4,19.6,0,0,4,0,0,4,180,0,0,0,0,0,5,0.0,0,0,0,0.0,0,0,0.0,7,12,5,41,1
455,2022-11-20,Gloves - SP - KW - MIX - Discovery,gloves,arthritis gloves for women for pain,exact,0,4,1.08,0,0,4,0,0,4,140,0,0,0,0,0,2,0.0,0,0,0,0.0,0,0,0.0,6,13,18,11,1
456,2022-11-20,Gloves - SP - KW - MIX - Discovery,gloves,compression glove,broad,0,3,1.0499999999999998,0,0,3,0,0,3,105,0,0,0,0,0,20,0.0,0,0,0,0.0,0,0,0.0,2,13,18,17,0
457,2022-11-20,Gloves - SP - KW - MIX - Discovery,gloves,compression glove,phrase,0,2,1.0,0,0,2,0,0,2,70,0,0,0,0,2,106,1.0,0,0,0,0.0,0,0,0.0,2,13,18,17,2
458,2022-11-20,Gloves - SP - Top Keywords,Top Keywords,gloves for swelling,exact,0,2,0.8,0,0,2,0,0,2,60,0,2,0,0,0,3,0.0,0,0,0,0.0,0,0,0.0,3,14,12,46,1
459,2022-11-20,Gloves - SP - Top Keywords,Top Keywords,gloves for swelling,phrase,0,6,3.7199999999999998,0,0,6,0,0,6,180,0,6,0,0,0,91,0.0,0,0,0,0.0,0,0,0.0,3,14,12,46,2
460,2022-11-20,Gloves - SP - manual,broad,copper hands,broad,0,1,0.51,0,0,1,0,0,1,100,0,1,0,0,0,0,0.0,0,0,0,0.0,0,0,0.0,2,15,16,33,0
461,2022-11-20,Gloves - SP - manual,exact,finger support arthritis,exact,0,4,2.32,0,0,4,0,0,4,400,0,4,0,0,0,6,0.0,0,0,0,0.0,0,0,0.0,3,15,17,37,1
462,2022-11-20,Gloves - SP - manual,exact,gloves for arthritis,exact,0,4,2.04,0,0,4,0,0,4,400,0,4,0,0,0,7,0.0,0,0,0,0.0,0,0,0.0,3,15,17,45,1
